recid,phash,qhash
RVZY01000002.1,f057e8c10d59c24e5a7c,999ea1c3341a3d4f009e
RVZY01000002.1,3e6d308583469ed91bd2,f057e8c10d59c24e5a7c
RVZY01000002.1,f057e8c10d59c24e5a7c,fa6be1fb001a485409b1
RVZY01000002.1,0a658e2563e6a2903643,f057e8c10d59c24e5a7c
RVZY01000008.1,a6a161d98c80930090f7,7f3ffdb1794f9716a95d
RVZY01000008.1,e4045d42b15b3eb9f32f,a6a161d98c80930090f7
RVZY01000010.1,b1eeef29a1a1996d3493,e16a0612921335fc09e3
RVZY01000010.1,bbbe31bf2fccb496a250,b1eeef29a1a1996d3493
RVZY01000012.1,752391d97017ee1ad87d,664aa822f382fca817d3
RVZY01000012.1,de3b6f35c76ea300f540,752391d97017ee1ad87d
RVZY01000018.1,790fb86a39540cf190e3,617d99ef052626227f6f
RVZY01000018.1,ac41a418254ed1734fb0,790fb86a39540cf190e3
RVZY01000019.1,d8bc2b96c11dd19ae96e,ef326ba8deae0582d03f
RVZY01000019.1,4ee94c7dc68072eca18a,d8bc2b96c11dd19ae96e
RVZY01000020.1,d8871b2c63e67c18cc7a,2d1aeccfdbb5e05ba558
RVZY01000020.1,113b7bb3151f46f65409,d8871b2c63e67c18cc7a
RVZY01000023.1,96fee16e241852b9f57b,e4ddac08d1636be42b1c
RVZY01000023.1,f7618d8963844837616f,96fee16e241852b9f57b
RVZY01000027.1,0c13867c5efb52df3410,ef037e75cfa1dcc42fe7
RVZY01000027.1,f2073409fd5e0cb93488,0c13867c5efb52df3410
RVZY01000040.1,d7064f01ccca82868db2,3ce9d7deac98ecf73052
RVZY01000040.1,ac562e7c6a790935c107,d7064f01ccca82868db2
RVZY01000044.1,23c000acf3c0d61254f1,ccb72d422c8e00293c73
