target_name	query_name	full_seq_evalue	full_seq_score	full_seq_bias	best_domain_evalue	best_domain_score	best_domain_bias	exp	reg	clu	ov	env	dom	rep	inc
f0b41a0355c503a7b76889aa0adbf914406b9a273e1a3ef3f51a592cf418635e	icity0065|AbiEii_0_CAS-III	5.6e-10	36.5	3.0	0.0063	13.4	0.1	3.9	2	2	0	4	4	4	3
89de1262ccc0e40167f05aa81dcc45fc1e02d00fa3131cdd90d67678c390698a	icity0065|AbiEii_0_CAS-III	4.6e-09	33.5	0.3	0.00063	16.7	0.1	2.1	1	1	1	2	2	2	2
66c1ff0d0d27907249c82b7bab11618b7c56455aa0260387c828a8b3bc7bc980	icity0065|AbiEii_0_CAS-III	5e-09	33.4	0.0	0.00011	19.1	0.1	2.1	1	1	1	2	2	2	2
e0db3b166a61b0643eb12ab36271769bd3356ca50b51d4a962d14b8ddd034ecc	icity0065|AbiEii_0_CAS-III	4.4e-08	30.3	0.1	2.7e-05	21.2	0.1	2.2	2	0	0	2	2	2	2
9e8da077108b41525ecc9402fff743592b9bf71a635eb11b69a5332ee2c8f22b	icity0065|AbiEii_0_CAS-III	7.9e-08	29.5	3.4	8.1e-06	22.9	0.0	3.0	2	1	0	2	2	2	1
d7870324260d3b6b265bcc881458eb4697f94c24bbcb9292c622da076d325526	icity0065|AbiEii_0_CAS-III	8.2e-08	29.4	2.1	8.9e-05	19.5	0.2	2.1	1	1	0	2	2	2	2
f331d127f988ba9fda07a3e63c3284956eef74dfe364ac0735d256529bbaa1cd	icity0065|AbiEii_0_CAS-III	8.7e-08	29.3	0.1	1.8e-05	21.8	0.1	2.1	1	1	1	2	2	2	1
2ce6a55c1b875427c5fb15fa7143daf6a18e4055fb4290e1da70e6b294aebbf0	icity0065|AbiEii_0_CAS-III	1e-07	29.1	0.6	3.6e-06	24.0	0.1	2.1	1	1	1	2	2	2	1
e4fb16abd7e177f7d626ca0e27b8dcddc4de1e0c36eef1513a8b2fec0717d4b0	icity0065|AbiEii_0_CAS-III	1.6e-07	28.5	0.4	5.3e-05	20.2	0.2	2.1	1	1	1	2	2	2	1
69e31517196d8c0b6241f991f869827805c3bf6c9cd519717d018948086aefa5	icity0065|AbiEii_0_CAS-III	2.2e-07	28.0	0.6	0.05	10.4	0.0	3.2	2	1	0	3	3	3	2
ec1f85e874b0c6dc07113c1d558754074cb2fe61f1707534b48f9834f14da567	icity0065|AbiEii_0_CAS-III	3.4e-07	27.4	0.2	0.0028	14.6	0.1	2.1	1	1	0	2	2	2	2
2059577452e32a337283a067a4dffea6f2aae87e0ce27ae64fd8516dcc1f5f4a	icity0065|AbiEii_0_CAS-III	4.5e-07	27.0	8.6	0.031	11.1	0.0	4.4	2	2	1	4	4	4	2
29ab9a2cc87b28b74cf30e5293f189ef3b7223982597cde93393e337dff3522d	icity0065|AbiEii_0_CAS-III	6.6e-07	26.4	7.5	6.5e-05	19.9	0.0	3.9	3	1	0	4	4	4	1
559044d5c48d98f6e1cc23ef9a062528b36c8f0a09ea92287330e396f1d89fdf	icity0065|AbiEii_0_CAS-III	7.6e-07	26.2	0.0	0.0014	15.5	0.0	2.1	1	1	1	2	2	2	2
34db7e9908670bfd95776e1f6f4f6db52ed34c21fcc86b2d18165c1aa979a748	icity0065|AbiEii_0_CAS-III	1.1e-06	25.8	0.6	0.00021	18.2	0.1	2.2	1	1	0	2	2	2	1
b84b47944f83ea2ebc99b88e66f70dc6bf7acf8a9058f98f9751981661808514	icity0065|AbiEii_0_CAS-III	1.3e-06	25.4	0.2	0.0049	13.7	0.2	2.1	1	1	1	2	2	2	2
9e36d83f8b9eb871f10a9b5161ece16b880bf9297ee465dcc3eb549f691788b5	icity0065|AbiEii_0_CAS-III	1.6e-06	25.2	0.9	0.015	12.1	0.0	2.1	1	1	0	2	2	2	2
37cb39af19f3a717178edc5125bb1a7c1d2660bdc0948943adce42b94ceec30f	icity0065|AbiEii_0_CAS-III	1.3e-05	22.2	0.2	0.0042	14.0	0.0	2.3	1	1	0	2	2	2	1
137747d624e3e1c137bd70a04ac42de23f4429648d23da355811049b3fb8a860	icity0065|AbiEii_0_CAS-III	1.5e-05	22.0	0.0	0.0083	13.0	0.1	2.2	1	1	1	2	2	2	1
adeaf96ba81646b2e40b860ae7c9d9b1e29af0c202ac0f92043c225a84caccdc	icity0065|AbiEii_0_CAS-III	2.2e-05	21.4	0.0	0.067	10.0	0.0	2.2	2	0	0	2	2	2	2
30043fb8e7152bae637c17f0312cd11dbd732d51b2cd21d3e6507298202b2d55	icity0065|AbiEii_0_CAS-III	4e-05	20.6	0.0	0.017	12.0	0.0	2.1	1	1	1	2	2	2	1
ab80fb172fff1c52b749b8b3188741f962df46f367cddd21c92a627277436ed8	icity0065|AbiEii_0_CAS-III	4.5e-05	20.4	1.8	0.12	9.2	0.0	3.2	3	0	0	3	3	3	2
3adede85f2ba46d49548aff890cc5167042381c42e671506fca4f3e41803d1a3	icity0065|AbiEii_0_CAS-III	8.2e-05	19.6	0.3	0.011	12.6	0.1	2.1	1	1	1	2	2	2	1
8f9181f4cc49eefbb106b92758152c67d740d90bf13e433a2b3d1ea308139444	icity0065|AbiEii_0_CAS-III	8.3e-05	19.5	0.0	0.0083	13.0	0.0	2.2	1	1	0	2	2	2	1
214ee3d6d17c086938ee8bcb69571122789eb43269c5639b48eb276f82d9d944	icity0065|AbiEii_0_CAS-III	9.5e-05	19.4	1.3	1	6.2	0.0	3.7	3	1	1	4	4	4	0
a3872a789c58efccf2e04aac9ab3e3678983d838231d9c54b0381b2ea784f992	icity0065|AbiEii_0_CAS-III	0.00016	18.6	0.0	0.00086	16.2	0.0	1.9	2	0	0	2	2	2	1
eef3fbdd492df747b6195a03bd1780b972c4a3f15b69e753564687b5df1b4d91	icity0065|AbiEii_0_CAS-III	0.00017	18.5	0.2	0.087	9.6	0.0	2.2	1	1	1	2	2	2	1
89d566bc9f7352cd00d4f61349801893a9e2036c27676bff904b09511982b489	icity0065|AbiEii_0_CAS-III	0.00018	18.4	0.2	0.025	11.4	0.1	2.4	1	1	1	2	2	2	1
de2f2f8ee49c7e7b96eaa18a81403d771112f0d7411bc48043c40f656b0ba54f	icity0065|AbiEii_0_CAS-III	0.00021	18.2	0.1	0.00021	18.2	0.1	2.3	2	1	0	3	3	3	1
47beb4ba3787c5fef8a9490ff1c97ecf36701b467c60dac28c287cd35ffc141c	icity0065|AbiEii_0_CAS-III	0.00034	17.5	0.0	0.0012	15.7	0.0	1.7	1	1	0	1	1	1	1
2139b796924d1fe077ab99f88c0803649603d59ef933c3155b8ea9c720c7982b	icity0065|AbiEii_0_CAS-III	0.00041	17.3	9.0	0.00051	17.0	0.0	3.3	2	1	1	3	3	3	1
abf341076df6812c9b53904c40dfe95f757ebeadf0b94ba5fa0f45d56bc7827d	icity0065|AbiEii_0_CAS-III	0.00047	17.1	0.7	0.46	7.3	0.0	3.5	3	0	0	3	3	3	1
6e814a4ebef03ee34df6bd3261130f7a066a1ac9241fc9727cac6249efcef0a7	icity0065|AbiEii_0_CAS-III	0.00053	16.9	0.3	0.0064	13.4	0.1	2.0	1	1	1	2	2	2	1
ab9f918043b41d0b003f03d7e9dd66a4c1c75f5c6a939c3ca9020208dab56524	icity0065|AbiEii_0_CAS-III	0.00055	16.9	0.3	0.0063	13.4	0.3	2.0	1	1	0	2	2	2	1
08ee578c383d5e7f5759bc92611fcb9cef75e6e32360074d13b3580f58486eed	icity0065|AbiEii_0_CAS-III	0.00058	16.8	0.1	0.074	9.9	0.0	2.1	1	1	1	2	2	2	1
c1b79c2adbb47c161906ffabaf7fafc497f7cbb32c5610fe9aab792a087286d1	icity0065|AbiEii_0_CAS-III	0.00061	16.7	1.4	0.017	12.0	0.4	2.3	1	1	1	2	2	2	1
e4131a8a60f0c71e545658facb889e45fa52c2b7b71091e5b61cd23ffaa42c48	icity0065|AbiEii_0_CAS-III	0.00065	16.6	0.3	0.0055	13.6	0.0	2.0	1	1	0	2	2	2	1
92b82122354af54023cbe34a97b48690e421cb807999cd397674bd1b7b354e18	icity0065|AbiEii_0_CAS-III	0.00072	16.5	8.5	0.002	15.0	0.0	3.3	2	1	1	3	3	3	1
34a159e62c068cf97fcbc03d60fe749b96f8bdd7262f8fdd410dc06f8edc70e0	icity0065|AbiEii_0_CAS-III	0.00088	16.2	0.3	0.0023	14.8	0.2	1.6	1	1	0	2	2	2	1
640b630b5aa898e671dddf757211226326a8e4c00aa71379f9c8a5cad90c3d1f	icity0065|AbiEii_0_CAS-III	0.00091	16.1	0.1	0.13	9.1	0.0	2.3	1	1	1	2	2	2	1
cfed66f8b60e2b13a56154017c116023cbebe4624d0ec4ead76ae83a37bc7598	icity0065|AbiEii_0_CAS-III	0.001	16.0	0.0	0.0022	14.9	0.0	1.5	1	0	0	1	1	1	1
a39c950fe9a60cbdfc2d9c67f6bb4fc904db1158569ea83ffbade50a488dee61	icity0065|AbiEii_0_CAS-III	0.001	16.0	0.0	0.0017	15.2	0.0	1.3	1	0	0	1	1	1	1
f645bdd9dd68c3d2d50e57ad597d3f67f7b19aced323620f652ebd35555376fb	icity0065|AbiEii_0_CAS-III	0.0011	15.9	0.0	0.0024	14.8	0.0	1.5	1	1	0	1	1	1	1
cefd9d788c2840be6ebb4f35ab31fc44f3bb75606fdb6e7db404a77fe1d1f98f	icity0065|AbiEii_0_CAS-III	0.0018	15.2	0.6	0.061	10.2	0.3	2.1	1	1	1	2	2	2	1
3b9d7e5f1528144d32c2ffb0106e03747a00e72e71268dd523c542193037a180	icity0065|AbiEii_0_CAS-III	0.0023	14.9	0.5	0.01	12.7	0.1	2.0	2	1	0	2	2	2	1
1bee61e980db69d68f0c1cf6f71a4cd07916565f021693a57f4c1be99722c34d	icity0065|AbiEii_0_CAS-III	0.0025	14.7	0.0	0.016	12.0	0.0	2.1	1	1	0	2	2	2	1
44292a2e6e94a1083d0a922244f086b73048ba2919ab54e98315087417a7028d	icity0065|AbiEii_0_CAS-III	0.0047	13.8	0.0	0.058	10.2	0.0	2.2	3	0	0	3	3	2	1
5091a18cbd62b06f7e3716478bcbbc4e532e193ea33727c3a9341d802993cc22	icity0065|AbiEii_0_CAS-III	0.0078	13.1	0.2	0.024	11.5	0.1	1.8	1	1	1	2	2	2	1
7e841a9b4f0d9951c17db808d281ef93dc6a5d6f8d4439a068fb8adaf1aab415	icity0065|AbiEii_0_CAS-III	0.0085	13.0	0.0	0.014	12.3	0.0	1.4	1	0	0	1	1	1	1
d34031dc6f3031f557325f1c70a9fcbf546b2d21d4f32e173e8da19003f7863e	icity0065|AbiEii_0_CAS-III	0.012	12.5	0.1	0.031	11.1	0.0	1.6	1	1	0	1	1	1	0
0a22e614f4195fa32321431294492bf5b4616ef311f2dc277b41ab02389ffefc	icity0065|AbiEii_0_CAS-III	0.014	12.2	0.0	0.36	7.6	0.0	2.2	2	0	0	2	2	2	0
5427c242711f17c0ae2a70c21ba7dbf1ea86424f8bc3abfa3c21feef45cf2344	icity0065|AbiEii_0_CAS-III	0.021	11.7	0.2	0.19	8.6	0.1	2.0	2	0	0	2	2	2	0
89de1262ccc0e40167f05aa81dcc45fc1e02d00fa3131cdd90d67678c390698a	icity0066|AbiEii_1_CAS-III-A	4.7e-06	23.3	0.5	0.00013	18.5	0.1	2.1	2	0	0	2	2	2	1
2ce6a55c1b875427c5fb15fa7143daf6a18e4055fb4290e1da70e6b294aebbf0	icity0066|AbiEii_1_CAS-III-A	5.6e-05	19.7	1.0	0.00012	18.7	0.2	1.7	1	1	0	2	2	2	1
e0db3b166a61b0643eb12ab36271769bd3356ca50b51d4a962d14b8ddd034ecc	icity0066|AbiEii_1_CAS-III-A	9.3e-05	19.0	0.1	0.00019	17.9	0.1	1.5	1	0	0	1	1	1	1
a3872a789c58efccf2e04aac9ab3e3678983d838231d9c54b0381b2ea784f992	icity0066|AbiEii_1_CAS-III-A	0.0007	16.1	0.1	0.018	11.4	0.0	2.2	2	0	0	2	2	2	1
d7870324260d3b6b265bcc881458eb4697f94c24bbcb9292c622da076d325526	icity0066|AbiEii_1_CAS-III-A	0.0019	14.7	0.1	0.0045	13.4	0.1	1.6	1	0	0	1	1	1	1
559044d5c48d98f6e1cc23ef9a062528b36c8f0a09ea92287330e396f1d89fdf	icity0066|AbiEii_1_CAS-III-A	0.0065	12.9	0.0	0.015	11.8	0.0	1.5	2	0	0	2	2	2	1
85631f95fe9a80507f6c27ec70dfceb092529136c9ad646f36a46d305a54b5d2	icity0066|AbiEii_1_CAS-III-A	0.44	6.9	7.5	0.5	6.7	7.5	1.0	1	0	0	1	1	1	0
5b14ef7d636d1c09e42e7b189c9ecbb69fcae3dc5772ba7cded29712828fdb9a	icity0064|AbiEii_2_CAS-III-C	0.00023	17.8	0.0	0.00042	16.9	0.0	1.4	1	0	0	1	1	1	1
821f29742b88475f839f5f2779337cfdd855a8354fce0d63c0bd8f7b918d1df4	cd09634|Cas1_0_CAS-I-II-III-IV-V-VI	0.0013	15.2	0.2	0.0013	15.2	0.2	1.0	1	0	0	1	1	1	1
eba2058c9fa411cabed1a649d0ed1231b41796c14101cf65256e08821a4bf887	C19_cas10d_2|Cas10d_1_CAS-I-D	0.0018	13.7	0.2	0.0033	12.8	0.2	1.4	1	0	0	1	1	1	1
5018be3be79275fa09b53fd0634616a434a5af566fb86762049d46b81b570cfe	TIGR03983|Cas1_0_IA	0.017	11.3	0.1	0.024	10.8	0.1	1.2	1	0	0	1	1	1	0
12bfafc459ebf1a0ae64fb1cb25df7fedf1bac6392bb0bf7889b3d4cd8578ced	TIGR03637|Cas1_0_IF	0.11	9.1	3.9	0.051	10.2	0.1	2.2	2	1	0	2	2	2	0
bff4228fdf194b36a0e135e969ee7d0c2263cba6af73b6a180ecbd1dc6a7272b	TIGR00287|Cas1_0_I-II-III	0.00071	16.0	0.8	0.0011	15.4	0.8	1.3	1	0	0	1	1	1	1
85631f95fe9a80507f6c27ec70dfceb092529136c9ad646f36a46d305a54b5d2	cas1_I_II_III_V_maka|Cas1_0_I-II-III-V	0.024	10.8	2.9	0.028	10.6	2.9	1.2	1	0	0	1	1	1	0
4b947b3b4d8cb28988a3d5ddb72d20999c33b03b8068916b6c2d63e3df2ff7ab	C19_cas11b|Cas11b_0_CAS-I-B	0.021	12.0	8.1	0.024	11.8	6.8	1.8	1	1	1	2	2	2	0
397dbac1185f47de4995cc2045cdc7d1d42e5f643f151503dd817d6b316d82b4	mkCas0150|Cas11b_2_CAS-I-B	0.02	12.3	0.2	0.05	11.0	0.2	1.6	1	0	0	1	1	1	0
8273b62cc4b1c8bae9b717c27f79a636f60ba2c29dbf40da72d65d350236000b	cd09636|Cas1_1_CAS-I-II-III-IV-V-VI	0.0019	14.8	1.8	0.0037	13.8	1.8	1.4	1	0	0	1	1	1	1
bff4228fdf194b36a0e135e969ee7d0c2263cba6af73b6a180ecbd1dc6a7272b	cd09636|Cas1_1_CAS-I-II-III-IV-V-VI	0.0051	13.4	0.5	0.0072	12.9	0.5	1.3	1	0	0	1	1	1	1
85631f95fe9a80507f6c27ec70dfceb092529136c9ad646f36a46d305a54b5d2	cd09636|Cas1_1_CAS-I-II-III-IV-V-VI	0.39	7.2	9.8	0.56	6.7	9.8	1.3	1	1	0	1	1	1	0
12bfafc459ebf1a0ae64fb1cb25df7fedf1bac6392bb0bf7889b3d4cd8578ced	cd09718|Cas1_2_CAS-I-II-III-IV-V-VI	0.052	10.1	4.3	0.024	11.2	0.1	2.3	2	1	1	3	3	3	0
a4abf2fe684646032ebf38d1a791ab65797c51981b482e6e56c59a3a7f91532b	V_U1|Cas12f4_0_CAS-V-F	0.22	7.2	11.6	0.19	7.4	10.7	1.3	1	1	0	1	1	1	0
00a22e2b4210e05f710467f14a92780946317f16c0f4077a268563ecfff17ef7	Fish20601|Cas13a_0_CAS-VI-A	0.0099	13.5	0.1	0.014	12.9	0.1	1.2	1	0	0	1	1	1	1
00a22e2b4210e05f710467f14a92780946317f16c0f4077a268563ecfff17ef7	Fish20601|Cas13a_0_VIA	0.015	13.0	0.1	0.022	12.4	0.1	1.3	1	0	0	1	1	1	0
bff4228fdf194b36a0e135e969ee7d0c2263cba6af73b6a180ecbd1dc6a7272b	COG1518|Cas1_7_CAS-I-II-III-IV-V-VI	0.00042	16.8	0.7	0.00057	16.3	0.2	1.6	2	0	0	2	2	2	1
bff4228fdf194b36a0e135e969ee7d0c2263cba6af73b6a180ecbd1dc6a7272b	pfam01867|Cas1_8_CAS-I-II-III-IV-V-VI	6.3e-05	19.6	0.7	9.6e-05	19.0	0.7	1.3	1	0	0	1	1	1	1
821f29742b88475f839f5f2779337cfdd855a8354fce0d63c0bd8f7b918d1df4	pfam01867|Cas1_8_CAS-I-II-III-IV-V-VI	0.0078	12.7	0.2	0.0079	12.7	0.2	1.0	1	0	0	1	1	1	1
0536bd7c798468174930675ded0aa01216869b3e8bb0d605b258479e0e938693	C19_Cas3|Cas3_0_CAS-I-D	3e-09	32.9	0.0	1.7e-05	20.5	0.0	2.3	2	1	0	2	2	2	2
4405002e222e274574dd0ae9c8ac0bf8b957d1a7e735d5c1bfdd1bf2f59bb1e7	cd09639|Cas3_0_CAS-I	7.9e-15	52.1	0.8	5.5e-11	39.4	0.1	2.8	1	1	1	2	2	2	2
d83a859ecd0b399940752923f6d199578376fa67116e7af43dd5f64c7cdf6ec9	cd09639|Cas3_0_CAS-I	7.1e-14	48.9	7.3	5.3e-12	42.8	1.9	2.7	1	1	1	2	2	2	2
cee0b776a3ceb89591bde490bc5ee931bb9522f6d1c4494f7c475efe0947b1f4	cd09639|Cas3_0_CAS-I	1.5e-13	47.9	4.1	9.4e-11	38.7	0.0	2.5	3	0	0	3	3	3	2
6ecda0c3a070013e23d04c0014e2ecc24c36eb9181e97bc88cca3c3b4676515b	cd09639|Cas3_0_CAS-I	2.2e-11	40.8	0.6	3.6e-09	33.5	0.6	2.3	1	1	0	1	1	1	1
69c10e6fd1a871527de6be8ebc5ace081ccfbc1001f8277590327419eb4c6683	cd09639|Cas3_0_CAS-I	9e-08	28.9	2.6	2.8e-07	27.3	0.8	2.3	1	1	1	2	2	2	1
93ed7cb7df6b7c051961ae8d431b567cb5d73e08fd5eae55021b39d63d076744	cd09639|Cas3_0_CAS-I	0.0012	15.3	0.1	0.02	11.3	0.0	2.3	2	0	0	2	2	2	1
6ecda0c3a070013e23d04c0014e2ecc24c36eb9181e97bc88cca3c3b4676515b	TIGR03158|Cas3_0_ID	3.7e-05	20.2	0.2	0.0024	14.3	0.0	2.7	2	1	0	3	3	3	1
cee0b776a3ceb89591bde490bc5ee931bb9522f6d1c4494f7c475efe0947b1f4	TIGR03158|Cas3_0_ID	0.00014	18.4	3.0	0.0063	12.9	0.0	2.6	3	0	0	3	3	3	2
0536bd7c798468174930675ded0aa01216869b3e8bb0d605b258479e0e938693	TIGR03158|Cas3_0_ID	0.0036	13.7	0.1	0.95	5.7	0.0	2.9	2	1	0	3	3	3	2
69c10e6fd1a871527de6be8ebc5ace081ccfbc1001f8277590327419eb4c6683	TIGR03158|Cas3_0_ID	0.0072	12.7	2.2	0.024	11.0	0.0	2.7	2	1	2	4	4	4	1
d83a859ecd0b399940752923f6d199578376fa67116e7af43dd5f64c7cdf6ec9	TIGR01587|Cas3_0_I	2.1e-15	53.9	4.0	5.7e-12	42.7	2.7	2.3	1	1	1	2	2	2	2
cee0b776a3ceb89591bde490bc5ee931bb9522f6d1c4494f7c475efe0947b1f4	TIGR01587|Cas3_0_I	1.6e-13	47.8	5.3	2.5e-11	40.5	0.0	2.6	3	0	0	3	3	3	2
4405002e222e274574dd0ae9c8ac0bf8b957d1a7e735d5c1bfdd1bf2f59bb1e7	TIGR01587|Cas3_0_I	4.6e-13	46.3	0.7	4.5e-10	36.4	0.1	2.8	1	1	1	2	2	2	2
6ecda0c3a070013e23d04c0014e2ecc24c36eb9181e97bc88cca3c3b4676515b	TIGR01587|Cas3_0_I	1.5e-11	41.3	0.1	6.6e-08	29.3	0.0	2.3	1	1	1	2	2	2	2
69c10e6fd1a871527de6be8ebc5ace081ccfbc1001f8277590327419eb4c6683	TIGR01587|Cas3_0_I	4e-07	26.7	2.3	1.1e-06	25.3	0.9	2.2	2	1	0	2	2	2	1
cee0b776a3ceb89591bde490bc5ee931bb9522f6d1c4494f7c475efe0947b1f4	cd09710|Cas3_1_CAS-I-D	1.6e-05	21.5	4.0	0.00053	16.4	0.0	2.8	3	0	0	3	3	3	2
6ecda0c3a070013e23d04c0014e2ecc24c36eb9181e97bc88cca3c3b4676515b	cd09710|Cas3_1_CAS-I-D	8.1e-05	19.1	0.3	0.0021	14.4	0.0	2.6	2	1	0	3	3	3	1
0536bd7c798468174930675ded0aa01216869b3e8bb0d605b258479e0e938693	cd09710|Cas3_1_CAS-I-D	0.00029	17.3	0.1	0.63	6.3	0.0	3.0	2	1	1	3	3	3	2
f18215adfcfd4cbc2c26077e4719e05f0b2b4f3ad57f7d7038a043736c09e079	cd09710|Cas3_1_CAS-I-D	0.00034	17.1	3.0	0.22	7.8	0.0	3.1	1	1	2	3	3	3	2
69c10e6fd1a871527de6be8ebc5ace081ccfbc1001f8277590327419eb4c6683	cd09710|Cas3_1_CAS-I-D	0.0027	14.1	1.3	0.0073	12.7	0.0	2.3	2	1	1	3	3	3	1
6ecda0c3a070013e23d04c0014e2ecc24c36eb9181e97bc88cca3c3b4676515b	COG1203|Cas3_1_CAS-I	3.8e-10	36.0	0.4	3.5e-06	22.9	0.0	2.2	2	0	0	2	2	2	2
012c397a2ccc107febbe12eed78b822dfb1499d6722bb213b8d192db3a812151	TIGR01596|Cas3_1_I	8e-06	23.3	0.8	0.026	11.8	0.0	2.6	3	0	0	3	3	3	2
533862064a703bbb0674d83c0cc87b8d27514602a1beab69dfc9b52ce0a257e3	TIGR01596|Cas3_1_I	0.00037	17.9	3.0	0.00037	17.9	3.0	4.1	2	2	0	3	3	3	1
69c10e6fd1a871527de6be8ebc5ace081ccfbc1001f8277590327419eb4c6683	mkCas0139|Cas3_2_CAS-I	7.9e-06	21.5	3.4	7e-05	18.3	0.0	2.4	3	0	0	3	3	3	2
6ecda0c3a070013e23d04c0014e2ecc24c36eb9181e97bc88cca3c3b4676515b	mkCas0139|Cas3_2_CAS-I	2.2e-05	20.0	0.4	4.5e-05	19.0	0.0	1.6	2	0	0	2	2	2	1
4405002e222e274574dd0ae9c8ac0bf8b957d1a7e735d5c1bfdd1bf2f59bb1e7	mkCas0139|Cas3_2_CAS-I	0.00021	16.8	0.0	0.00044	15.7	0.0	1.4	1	0	0	1	1	1	1
0536bd7c798468174930675ded0aa01216869b3e8bb0d605b258479e0e938693	mkCas0139|Cas3_2_CAS-I	0.0018	13.7	0.0	0.033	9.5	0.0	2.0	2	0	0	2	2	2	2
ebbe5a829ca22eccaa3bdb4c5fcb5f93ea58bf9e1ca988f7a746f41eab7ab277	mkCas0139|Cas3_2_CAS-I	0.01	11.2	0.0	0.013	10.8	0.0	1.1	1	0	0	1	1	1	1
1c237477c0389c3ff303c8e6dddb6ffa80fd2500965ec265122a3a6939c9478c	cd09673|Cas3-Cas2_0_CAS-I-F	0.00089	14.4	0.1	0.0011	14.0	0.1	1.1	1	0	0	1	1	1	1
0536bd7c798468174930675ded0aa01216869b3e8bb0d605b258479e0e938693	icity0058|Cas3d_1_CAS-I-D	0.004	12.7	0.0	0.066	8.7	0.0	2.0	2	0	0	2	2	2	2
623e03ffcbf8edc825259e3f3265e6368f70f4593c05a428ace53680186cb198	icity0058|Cas3d_1_CAS-I-D	0.0051	12.4	0.2	0.0066	12.0	0.2	1.0	1	0	0	1	1	1	1
533862064a703bbb0674d83c0cc87b8d27514602a1beab69dfc9b52ce0a257e3	cd09641|Cas3HD_0_CAS-I	4.2e-06	24.0	1.5	4.2e-06	24.0	1.5	4.0	2	2	0	2	2	2	1
012c397a2ccc107febbe12eed78b822dfb1499d6722bb213b8d192db3a812151	cd09641|Cas3HD_0_CAS-I	2.4e-05	21.5	1.2	0.054	10.6	0.0	2.7	2	1	0	2	2	2	2
1bdcc3fff5a9c8d9ddd05939bc9a5ac008cb74f2e829c670e80e9b4c1d41e962	cd09641|Cas3HD_0_CAS-I	0.02	12.0	0.1	0.032	11.3	0.1	1.3	1	0	0	1	1	1	0
9524d753903a9629661ee16786a133bd0714b04673a3545e72b356e6d1d6c493	COG1468|Cas4_3_CAS-I-II-III-IV-V-VI	0.2	8.9	4.6	0.37	8.1	0.1	3.3	5	0	0	5	5	5	0
9524d753903a9629661ee16786a133bd0714b04673a3545e72b356e6d1d6c493	pfam01930|Cas4_5_CAS-I-II-III-IV-V-VI	0.055	10.9	3.4	2.3	5.6	0.1	3.8	4	0	0	4	4	4	0
94a06c766c0108329c4a8c333f83db93ae967eecbee6d107e22c140f2726b8ff	C19_cas5_1|Cas5_0_CAS-I-B	0.0055	13.5	0.0	0.0075	13.0	0.0	1.2	1	0	0	1	1	1	1
dfce00e498680188abfb51c97cdf76b082d2c9128c9c6dc03e8369a2ebc22a16	cluster11|Cas6_6_IVD	0.0046	13.7	0.0	0.005	13.6	0.0	1.1	1	0	0	1	1	1	1
484cbda77fee550b39498215f63fd7d3f91ec8f5d4543e4ede3f0f706b71f927	TIGR03489|Cas7_1_IC	0.0036	14.0	1.0	0.0059	13.3	0.2	1.7	2	0	0	2	2	2	1
484cbda77fee550b39498215f63fd7d3f91ec8f5d4543e4ede3f0f706b71f927	cd09717|Cas7b_0_CAS-I-B	0.0025	14.5	1.3	0.0038	13.9	0.2	1.8	2	0	0	2	2	2	1
e9c18bda707769674dfe14fc0bdb1114dc6374d5e4e893112e1352d282b9bcff	TIGR02556|Cas8a1_1_IB	0.0031	13.2	0.7	0.0032	13.2	0.7	1.0	1	0	0	1	1	1	1
e9c18bda707769674dfe14fc0bdb1114dc6374d5e4e893112e1352d282b9bcff	cd09672|Cas8b1_1_CAS-I-B	0.0018	14.3	0.6	0.0018	14.3	0.6	1.1	1	0	0	1	1	1	1
5906e5befef10e2f7de8b028dd137f7d6057a85c664b78e699ff556ff57b8c82	icity0003|Cas8b1_4_CAS-I-B	0.0014	14.4	0.1	0.002	13.9	0.1	1.1	1	0	0	1	1	1	1
12975358e2881e2c367bf62300d31b24c9209fffebe227860e318184d0ea3d89	icity0105|CasR_0_CAS-III-B-III-D	0.0048	13.7	3.7	0.0067	13.3	3.3	1.4	1	1	0	1	1	1	1
b664251d8eea0ca808ca5580502fccec144108f828aa3021151f283b43f4e366	icity0105|CasR_0_CAS-III-B-III-D	0.0061	13.4	0.6	0.0087	12.9	0.6	1.3	1	0	0	1	1	1	1
d5b579600238875d925a427f51145ff1a7c6a8414af78f3ec32d617e58b8be83	icity0105|CasR_0_CAS-III-B-III-D	0.27	8.0	11.2	0.48	7.2	0.6	2.4	1	1	2	3	3	3	0
6cbc8e42078c08f9b10d99513c9d0accaa12857be503cbc00f03b90cab1994f8	cd09655|CasR_0_CAS-I-II-III-IV-V-VI	1.7e-07	28.4	0.0	2.5e-07	27.8	0.0	1.4	1	1	0	1	1	1	1
6496220197c3d59bb0b1a5ff8d7118cbbb020308c46b13447ca9ae8327ca84e9	cd09655|CasR_0_CAS-I-II-III-IV-V-VI	5.5e-07	26.7	0.4	6.6e-07	26.4	0.4	1.1	1	0	0	1	1	1	1
e582d0063c7c6076d89d3d433151b078788bba0053d7bd2e6c053137ea6f8d6b	cd09655|CasR_0_CAS-I-II-III-IV-V-VI	3.8e-06	23.9	0.1	1.1e-05	22.4	0.0	1.8	1	1	0	1	1	1	1
9c27e63d54d606344cc32ef34f9879dbddc9e991765b1e5130184503e9ea7999	cd09655|CasR_0_CAS-I-II-III-IV-V-VI	6.2e-06	23.2	0.2	1.1e-05	22.4	0.0	1.5	2	0	0	2	2	2	1
3072da2d4745e1c36f450b45194af190f46594a2502bf79b4adc4388fd542772	cd09655|CasR_0_CAS-I-II-III-IV-V-VI	1e-05	22.5	1.5	1.6e-05	21.9	0.9	1.6	2	0	0	2	2	2	1
4c4e94e42bd72e6321117fa0aadbbec944845990fd489df6bedeb9a7885e112e	cd09655|CasR_0_CAS-I-II-III-IV-V-VI	3.4e-05	20.8	1.1	8.8e-05	19.5	0.6	2.0	2	0	0	2	2	2	1
596c513447a8543a83c7ec5739158d5a3a6af629289798082ac4de940cdce724	cd09655|CasR_0_CAS-I-II-III-IV-V-VI	0.00011	19.2	0.0	0.00016	18.6	0.0	1.3	1	0	0	1	1	1	1
3671eef50a638c9625c56fbc03b83c2b73466a155f1fef619299c37e836385b4	cd09655|CasR_0_CAS-I-II-III-IV-V-VI	0.00012	19.0	0.5	0.00044	17.2	0.1	2.1	2	0	0	2	2	2	1
6cd82ca0c314e68d2e4fb971d44b05156413f91ca274c0946e36261616110bd1	cd09655|CasR_0_CAS-I-II-III-IV-V-VI	0.00014	18.8	0.1	0.00032	17.7	0.1	1.6	1	0	0	1	1	1	1
17b3848b9348b8e0a9faa4797448cf23206d1ea159366260ff693f637c12cf47	cd09655|CasR_0_CAS-I-II-III-IV-V-VI	0.00063	16.7	0.2	0.0045	13.9	0.0	1.9	2	0	0	2	2	2	1
d1d9935b14d3eec1c13a1390b68f3c738d9132a09da2cc7e216417e6c74fe1eb	cd09655|CasR_0_CAS-I-II-III-IV-V-VI	0.0016	15.3	0.2	0.19	8.6	0.0	3.1	3	0	0	3	3	3	1
e51f2b482ffb2c35c7f8da9626e4d07424f09d7ce8d07885267a65ca61af81cb	cd09655|CasR_0_CAS-I-II-III-IV-V-VI	0.002	15.0	0.1	0.0049	13.8	0.0	1.6	1	1	1	2	2	2	1
0503f71e42dd54c30c090bcf59722bc9ba5e26d4079dfaa87aea4999ccfe182f	cd09655|CasR_0_CAS-I-II-III-IV-V-VI	0.0023	14.9	0.0	0.0049	13.8	0.0	1.6	1	0	0	1	1	1	1
708bade7662a6680bb47c4b8e2d933f268de4dfdd587953e899e9fb42379c467	cd09655|CasR_0_CAS-I-II-III-IV-V-VI	0.0026	14.7	1.7	0.0049	13.8	1.3	1.7	1	1	0	1	1	1	1
0c99d3517d3628205cdb704f326dfb232d26adf2afab87707ac286000480e4fb	cd09655|CasR_0_CAS-I-II-III-IV-V-VI	0.0027	14.6	0.0	0.0038	14.2	0.0	1.2	1	0	0	1	1	1	1
9763a25f1b6488fcaa4354240859c67b3fff55022daf9e8ec6f681055875ffdd	cd09655|CasR_0_CAS-I-II-III-IV-V-VI	0.0064	13.4	0.5	0.064	10.1	0.1	2.1	2	0	0	2	2	2	1
7cdc8f6c22cdf0a063699a02c45705d938d6df9c6b259c6647afc72e6fdd05c9	cd09655|CasR_0_CAS-I-II-III-IV-V-VI	0.0078	13.1	3.5	0.027	11.4	0.3	2.4	2	0	0	2	2	2	1
b97758a28baba834d0e180729a24523e7c1eba7e4120e73e3dd8bd69856eee94	cd09655|CasR_0_CAS-I-II-III-IV-V-VI	0.0078	13.1	0.0	0.0091	12.9	0.0	1.1	1	0	0	1	1	1	1
aecb3ede941e571b8d12ad8163c8db61a32b8f507caecc64a1f32d58c847ff8f	cd09655|CasR_0_CAS-I-II-III-IV-V-VI	0.01	12.8	1.0	0.37	7.7	0.2	2.4	2	0	0	2	2	2	0
393da4fe04d7d7bdfaf87ebc97e6c8175ab8ab95f9553f5cbd56672d7e2a51a4	cd09655|CasR_0_CAS-I-II-III-IV-V-VI	0.01	12.7	0.1	0.016	12.1	0.1	1.3	1	0	0	1	1	1	0
fe31cae5ce6d36247c7d3686e898d8f4088146a830d5cc4b070a8a0bc6d771c4	cd09655|CasR_0_CAS-I-II-III-IV-V-VI	0.023	11.6	0.0	0.046	10.6	0.0	1.5	1	0	0	1	1	1	0
6cbc8e42078c08f9b10d99513c9d0accaa12857be503cbc00f03b90cab1994f8	cls001593|CasR_1_CAS-I-II-III-IV-V-VI	2.3e-08	30.7	0.0	3.4e-08	30.2	0.0	1.2	1	0	0	1	1	1	1
6496220197c3d59bb0b1a5ff8d7118cbbb020308c46b13447ca9ae8327ca84e9	cls001593|CasR_1_CAS-I-II-III-IV-V-VI	9e-07	25.6	0.3	9.6e-07	25.5	0.3	1.1	1	0	0	1	1	1	1
9c27e63d54d606344cc32ef34f9879dbddc9e991765b1e5130184503e9ea7999	cls001593|CasR_1_CAS-I-II-III-IV-V-VI	1.7e-06	24.6	0.1	2.7e-06	24.0	0.1	1.4	1	1	0	1	1	1	1
e582d0063c7c6076d89d3d433151b078788bba0053d7bd2e6c053137ea6f8d6b	cls001593|CasR_1_CAS-I-II-III-IV-V-VI	1.2e-05	21.9	0.1	2.1e-05	21.1	0.0	1.6	1	1	0	1	1	1	1
6cd82ca0c314e68d2e4fb971d44b05156413f91ca274c0946e36261616110bd1	cls001593|CasR_1_CAS-I-II-III-IV-V-VI	1.5e-05	21.6	0.1	3.2e-05	20.5	0.1	1.5	1	0	0	1	1	1	1
596c513447a8543a83c7ec5739158d5a3a6af629289798082ac4de940cdce724	cls001593|CasR_1_CAS-I-II-III-IV-V-VI	1.7e-05	21.4	0.0	2.5e-05	20.9	0.0	1.3	1	0	0	1	1	1	1
4c4e94e42bd72e6321117fa0aadbbec944845990fd489df6bedeb9a7885e112e	cls001593|CasR_1_CAS-I-II-III-IV-V-VI	1.9e-05	21.2	1.1	5.4e-05	19.7	0.6	2.0	2	0	0	2	2	2	1
9763a25f1b6488fcaa4354240859c67b3fff55022daf9e8ec6f681055875ffdd	cls001593|CasR_1_CAS-I-II-III-IV-V-VI	6.1e-05	19.6	1.1	0.00095	15.7	0.2	2.2	2	0	0	2	2	2	1
3671eef50a638c9625c56fbc03b83c2b73466a155f1fef619299c37e836385b4	cls001593|CasR_1_CAS-I-II-III-IV-V-VI	6.1e-05	19.6	0.2	0.00015	18.3	0.2	1.7	1	0	0	1	1	1	1
17b3848b9348b8e0a9faa4797448cf23206d1ea159366260ff693f637c12cf47	cls001593|CasR_1_CAS-I-II-III-IV-V-VI	7.6e-05	19.3	0.1	0.00037	17.0	0.0	1.8	2	0	0	2	2	2	1
352ed3b88bc97520fb56030b7da1116e34f6ca51625cc171ff241363a43256df	cls001593|CasR_1_CAS-I-II-III-IV-V-VI	0.0002	17.9	0.1	0.001	15.5	0.0	2.0	2	0	0	2	2	2	1
35c9eb23020eac1dc3d31b622dd60488d622cb21db2ad06be67b70dfbb0c32b9	cls001593|CasR_1_CAS-I-II-III-IV-V-VI	0.00027	17.5	0.1	0.00054	16.5	0.1	1.5	1	0	0	1	1	1	1
0503f71e42dd54c30c090bcf59722bc9ba5e26d4079dfaa87aea4999ccfe182f	cls001593|CasR_1_CAS-I-II-III-IV-V-VI	0.00059	16.4	0.0	0.0012	15.3	0.0	1.6	1	0	0	1	1	1	1
17e78eac784d8ea64c7bcd75419f08e75eb44ee07b334c7d55c19e5ba67d8834	cls001593|CasR_1_CAS-I-II-III-IV-V-VI	0.0023	14.4	0.2	0.003	14.0	0.2	1.3	1	0	0	1	1	1	1
d1d9935b14d3eec1c13a1390b68f3c738d9132a09da2cc7e216417e6c74fe1eb	cls001593|CasR_1_CAS-I-II-III-IV-V-VI	0.0023	14.4	0.0	0.14	8.6	0.0	2.4	1	1	1	2	2	2	1
7cdc8f6c22cdf0a063699a02c45705d938d6df9c6b259c6647afc72e6fdd05c9	cls001593|CasR_1_CAS-I-II-III-IV-V-VI	0.0027	14.2	3.9	0.0037	13.8	0.4	2.6	2	0	0	2	2	2	1
e51f2b482ffb2c35c7f8da9626e4d07424f09d7ce8d07885267a65ca61af81cb	cls001593|CasR_1_CAS-I-II-III-IV-V-VI	0.0029	14.1	0.1	0.0037	13.8	0.1	1.3	1	1	0	1	1	1	1
393da4fe04d7d7bdfaf87ebc97e6c8175ab8ab95f9553f5cbd56672d7e2a51a4	cls001593|CasR_1_CAS-I-II-III-IV-V-VI	0.0033	13.9	0.1	0.0048	13.4	0.1	1.2	1	0	0	1	1	1	1
09167fcccc45eceef42b25730a071d6fb6566ffa97a411c53d578586f7ca416c	cls001593|CasR_1_CAS-I-II-III-IV-V-VI	0.0035	13.8	0.2	0.0036	13.8	0.2	1.1	1	0	0	1	1	1	1
708bade7662a6680bb47c4b8e2d933f268de4dfdd587953e899e9fb42379c467	cls001593|CasR_1_CAS-I-II-III-IV-V-VI	0.0035	13.8	1.5	0.0059	13.1	1.0	1.6	1	1	0	1	1	1	1
0c99d3517d3628205cdb704f326dfb232d26adf2afab87707ac286000480e4fb	cls001593|CasR_1_CAS-I-II-III-IV-V-VI	0.0053	13.2	0.0	0.0073	12.8	0.0	1.3	1	0	0	1	1	1	1
fe31cae5ce6d36247c7d3686e898d8f4088146a830d5cc4b070a8a0bc6d771c4	cls001593|CasR_1_CAS-I-II-III-IV-V-VI	0.0053	13.2	0.0	0.011	12.2	0.0	1.5	1	0	0	1	1	1	1
aecb3ede941e571b8d12ad8163c8db61a32b8f507caecc64a1f32d58c847ff8f	cls001593|CasR_1_CAS-I-II-III-IV-V-VI	0.0063	13.0	1.2	0.031	10.7	0.4	2.2	2	0	0	2	2	2	1
b97758a28baba834d0e180729a24523e7c1eba7e4120e73e3dd8bd69856eee94	cls001593|CasR_1_CAS-I-II-III-IV-V-VI	0.0067	12.9	0.0	0.0069	12.9	0.0	1.1	1	0	0	1	1	1	1
7341c0467360bbefec8ec9f2d3959e4a3747300fe9553ba803f4980907ac0610	cls001593|CasR_1_CAS-I-II-III-IV-V-VI	0.01	12.3	0.4	0.11	8.9	0.0	2.0	2	0	0	2	2	2	0
c6b8a28414b76d136fe397b9b24106c141601ce7b8939d5bde382a75cb904c22	cls001593|CasR_1_CAS-I-II-III-IV-V-VI	0.012	12.0	3.2	0.012	12.1	2.5	1.4	1	1	0	1	1	1	0
e1da8ebe6be9874d1665d12bb358f357b85a8e140040960819c4264883b665af	cls001593|CasR_1_CAS-I-II-III-IV-V-VI	0.03	10.8	3.3	1.2	5.6	2.7	2.4	1	1	0	1	1	1	0
f2e11b7705a51f62603ede785ae818e13e42dcef8fdeb1ace8b3ae8f9f523e6a	mkCas0060|Cmr5gr11_0_CAS-III-C	0.0045	14.6	0.2	0.13	10.0	0.0	2.1	2	0	0	2	2	2	2
d6be6983f959a2296ac2a2df6b7466b6f48c46ef3f797e5443c30bcb61868e7a	mkCas0190|Cmr5gr11_12_CAS-III-B	0.00081	16.5	0.0	0.0022	15.1	0.0	1.7	1	0	0	1	1	1	1
577b52e57d7d6509990ea512bbbf539b39d3d6f65e2312565c6ddd1628bd4e1d	C19_cmr5gr11_2|Cmr5gr11_1_CAS-III-B	0.016	12.3	0.1	0.047	10.8	0.1	1.8	1	0	0	1	1	1	0
f1079e6ac73f460deb739279ab8ba68ba91b41e1a7b2fca8e7136ab8da822423	mkCas0117|Cmr5gr11_1_CAS-III-C	0.0023	15.0	1.9	0.0084	13.3	0.7	1.9	2	0	0	2	2	2	1
d7fa6a38941f7ed14d496a48ac20aa5b8b43c297c163c9a0a8d1f24954c250a3	icity0112|CorA_0_CAS-III-B	0.018	11.0	1.2	0.024	10.6	0.6	1.5	2	0	0	2	2	2	0
7de3f1ea71d743303796585ccf6b07ff196e29e0c8438804bcca7b4ad44f4a39	icity0111|CorA_0_CAS-III-B-III-D	2e-06	24.1	0.4	3.2e-06	23.4	0.4	1.3	1	0	0	1	1	1	1
03d0a5aa4a9e7096578f345dfead8844aef0ef5bc8143616e36d6141402ce1a1	icity0111|CorA_0_CAS-III-B-III-D	3.7e-05	19.9	0.8	5.4e-05	19.4	0.8	1.2	1	0	0	1	1	1	1
1a9d957319f15f487dc24893700632c9499aef88ca306a120ca5c82fc91455ef	icity0111|CorA_0_CAS-III-B-III-D	0.005	12.9	2.3	0.0065	12.5	2.3	1.1	1	0	0	1	1	1	1
ddeb8eaa07712a330128aa244c4ee78f385e56e4f9bf6d12431f1aac0e7bb7a5	icity0111|CorA_0_CAS-III-B-III-D	0.17	7.8	2.2	0.26	7.2	2.2	1.3	1	0	0	1	1	1	0
90f7f1c6aa54e4e9b8e53b4d691608e191521d85904b3ccebf68f4332cba9227	icity0111|CorA_0_CAS-III-B-III-D	0.31	7.0	5.3	0.33	6.9	5.3	1.0	1	0	0	1	1	1	0
6496220197c3d59bb0b1a5ff8d7118cbbb020308c46b13447ca9ae8327ca84e9	COG0640|Csa3_1_CAS-I-II-III-IV-V-VI	2.1e-20	70.5	0.1	2.3e-20	70.4	0.1	1.0	1	0	0	1	1	1	1
b97758a28baba834d0e180729a24523e7c1eba7e4120e73e3dd8bd69856eee94	COG0640|Csa3_1_CAS-I-II-III-IV-V-VI	1.8e-15	54.6	0.0	2e-15	54.5	0.0	1.1	1	0	0	1	1	1	1
b58ad86d3e86aaeecd13185e69c8f0a4ced1950c7864b354fa7ac28c63589e28	COG0640|Csa3_1_CAS-I-II-III-IV-V-VI	1.4e-13	48.6	0.2	1.7e-13	48.3	0.2	1.1	1	0	0	1	1	1	1
077d8101de00ea7094aaadb2c47c3ed8eb378dcf1399d714a813c32f89b3f31f	COG0640|Csa3_1_CAS-I-II-III-IV-V-VI	0.00026	18.7	0.0	0.00034	18.3	0.0	1.3	1	0	0	1	1	1	1
3072da2d4745e1c36f450b45194af190f46594a2502bf79b4adc4388fd542772	COG0640|Csa3_1_CAS-I-II-III-IV-V-VI	0.0026	15.5	0.4	0.0065	14.2	0.1	1.9	2	1	0	2	2	2	1
0503f71e42dd54c30c090bcf59722bc9ba5e26d4079dfaa87aea4999ccfe182f	COG0640|Csa3_1_CAS-I-II-III-IV-V-VI	0.0042	14.8	0.0	0.0093	13.7	0.0	1.6	2	0	0	2	2	2	1
dec81b5a5a7d0f276ac201a7c85443469c91a6e3db1a6d81e99e449d9d0f03f1	COG0640|Csa3_1_CAS-I-II-III-IV-V-VI	0.012	13.3	0.1	0.014	13.1	0.1	1.1	1	0	0	1	1	1	0
596c513447a8543a83c7ec5739158d5a3a6af629289798082ac4de940cdce724	COG0640|Csa3_1_CAS-I-II-III-IV-V-VI	0.022	12.4	0.0	0.029	12.1	0.0	1.3	1	0	0	1	1	1	0
908ae60b815bb558b94cc94f923324b6d185c56e2a319018781b738048f6a494	cd09764|Csb3_0_CAS-I-U	0.0094	12.5	0.0	0.0094	12.5	0.0	1.0	1	0	0	1	1	1	1
85cf70bcffd5e4bb5922e3cca34f4cd639420854c5da084e005a75a1844018a3	TIGR04106|Csb3_0_IU	0.012	12.5	0.3	0.012	12.5	0.3	1.1	1	0	0	1	1	1	0
dc0afcba9dbdaf1be588364ebb7aa2e615223a642223fba2c331fba15dfb6093	cluster19|Csf2_1_IVA3	0.05	10.1	4.6	0.12	8.8	4.6	1.6	1	0	0	1	1	1	0
b33e01cd03b60eaef6329affd76b22afed4a5d7243d67fd6d830e1f2eb8c134f	cluster4|Csf4_0_IVA	6.3e-38	128.1	1.3	6.5e-36	121.4	1.3	2.6	1	1	0	1	1	1	1
cee0b776a3ceb89591bde490bc5ee931bb9522f6d1c4494f7c475efe0947b1f4	cluster4|Csf4_0_IVA	1.5e-05	21.0	0.2	0.0016	14.3	0.1	2.4	2	0	0	2	2	2	2
69c10e6fd1a871527de6be8ebc5ace081ccfbc1001f8277590327419eb4c6683	cluster4|Csf4_0_IVA	0.00091	15.2	0.9	0.12	8.2	0.1	2.2	2	0	0	2	2	2	2
b33e01cd03b60eaef6329affd76b22afed4a5d7243d67fd6d830e1f2eb8c134f	cluster12|Csf4_1_IVA1	4.5e-18	62.1	0.1	6.7e-09	31.7	0.0	3.4	3	1	0	3	3	3	2
cee0b776a3ceb89591bde490bc5ee931bb9522f6d1c4494f7c475efe0947b1f4	cluster12|Csf4_1_IVA1	0.0078	11.7	0.0	0.0078	11.7	0.0	1.6	2	0	0	2	2	2	1
b33e01cd03b60eaef6329affd76b22afed4a5d7243d67fd6d830e1f2eb8c134f	cluster14|Csf4_2_IVA1	1.5e-09	34.4	0.0	1.5e-06	24.4	0.0	3.0	3	0	0	3	3	3	3
d7b2c605a5bc13bc0acc0b4954a8b5bdf80b6790ad4757a85c4a02101d81ff53	TIGR01870|Csm2_0_IIIA	0.74	8.1	7.0	1	7.6	0.7	3.6	4	0	0	4	4	4	0
0002cafb4d9c09ded6703f579b727dca99e6bbacea22ea3b02f0fbc29ea1487c	mkCas0063|Csm2gr11_1_CAS-III-D	0.0072	13.5	0.1	0.01	13.0	0.1	1.3	1	0	0	1	1	1	1
1ce1c2274f0909b878e5c62df95ac2a7b4547c87e8835794cadc27538de59cc1	mkCas0157|Csm2gr11_4_CAS-III-A	0.07	10.5	4.0	0.25	8.7	0.2	2.5	2	0	0	2	2	2	0
d1d9935b14d3eec1c13a1390b68f3c738d9132a09da2cc7e216417e6c74fe1eb	mkCas0101|Csm2gr11_5_CAS-III-D	0.019	12.3	0.0	0.04	11.2	0.0	1.6	1	0	0	1	1	1	0
5be8dd2043304e34ee93aa64967cc195430cbf0b2f9ac334ca26c7fd327923ab	pfam03750|Csm2gr11_7_CAS-III-A	0.042	12.2	3.3	0.12	10.8	1.3	2.3	1	1	1	2	2	2	0
10754ed5ce0c9d46231fda32803dbdcfce47f28d856ef3b1c7957b184b99461b	csm4_IIIA_maka_3|Csm4_1_IIIA	0.015	11.7	4.1	0.021	11.2	4.1	1.2	1	0	0	1	1	1	0
abf341076df6812c9b53904c40dfe95f757ebeadf0b94ba5fa0f45d56bc7827d	mkCas0215|Csn2_10_CAS-II-A	0.013	12.0	0.2	0.031	10.7	0.1	1.6	2	0	0	2	2	2	0
e1b8472c84662b7b2e41d8cf29aa90be897eb6692ca43f66ba65fbd2ba2a0b39	cd09758|Csn2_1_CAS-II-A	0.026	11.5	7.2	0.12	9.3	3.6	2.1	1	1	1	2	2	2	0
559044d5c48d98f6e1cc23ef9a062528b36c8f0a09ea92287330e396f1d89fdf	mkCas0212|Csn2_7_CAS-II-A	0.00012	18.4	5.9	0.002	14.4	1.2	2.1	1	1	1	2	2	2	2
6e814a4ebef03ee34df6bd3261130f7a066a1ac9241fc9727cac6249efcef0a7	mkCas0212|Csn2_7_CAS-II-A	0.0011	15.3	1.2	0.0094	12.2	0.2	2.2	2	0	0	2	2	2	1
9e36d83f8b9eb871f10a9b5161ece16b880bf9297ee465dcc3eb549f691788b5	mkCas0212|Csn2_7_CAS-II-A	0.0019	14.5	0.3	0.096	8.9	0.0	2.2	2	0	0	2	2	2	2
d7870324260d3b6b265bcc881458eb4697f94c24bbcb9292c622da076d325526	mkCas0212|Csn2_7_CAS-II-A	0.0021	14.4	5.2	0.013	11.8	0.6	2.2	1	1	1	2	2	2	1
614d7e33dad3cdebf47fe2083eb90664eb5f024d42f0fd17b66592b51035779c	mkCas0212|Csn2_7_CAS-II-A	0.0095	12.2	6.1	0.047	9.9	4.0	2.5	1	1	1	2	2	2	1
e0db3b166a61b0643eb12ab36271769bd3356ca50b51d4a962d14b8ddd034ecc	mkCas0212|Csn2_7_CAS-II-A	0.013	11.8	0.9	0.065	9.5	0.0	2.0	2	0	0	2	2	2	0
30ac56689f12658f8c54c991b226d8d5cb0ea7f35250c86ba3e3c5d2c6b9684e	mkCas0214|Csn2_9_CAS-II-A	0.0023	14.9	0.1	0.058	10.3	0.0	2.0	1	1	1	2	2	2	2
e2c9bcb69335e32052c165626e2d58ad05864b58bd359157dd4552bb3b59b751	cls000748|Csx10gr5_2_CAS-III-D	0.0063	12.2	0.0	0.011	11.4	0.0	1.3	1	0	0	1	1	1	1
16f44a4b8a37efd09def18ecba4b50a611c26561d647445a7f053d06af5a80a5	cd09723|Csx1_5_CAS-III	0.0038	14.6	0.0	0.0064	13.9	0.0	1.3	1	0	0	1	1	1	1
e02e6f63e1b7de9664ea7a1321c6ba2f1bf07f54f6308b8d6e3ecd085199437a	cd09695|Csx16_1_CAS-I-III	0.0087	13.6	0.1	0.079	10.5	0.0	2.2	2	0	0	2	2	2	1
e02e6f63e1b7de9664ea7a1321c6ba2f1bf07f54f6308b8d6e3ecd085199437a	pfam09652|Csx16_3_CAS-I-III	0.0043	14.6	0.1	0.015	12.9	0.1	1.9	2	0	0	2	2	2	1
75ba6360b48f350caf8a3a7343988a4a1af4bd25a4e346c3a2944c0c040c0252	cd09732|Csx1_7_CAS-III	0.044	10.6	13.7	0.03	11.2	11.4	1.9	1	1	1	2	2	2	0
596c513447a8543a83c7ec5739158d5a3a6af629289798082ac4de940cdce724	mkCas0149|Csx19_16_CAS-III-D	0.0084	13.3	0.0	0.0098	13.1	0.0	1.2	1	0	0	1	1	1	1
0d75e3236290572e41fdcf3d2583b633dd7df9730ff36f12844f0382f336aaa1	cls000023|Csx20_0_CAS-I-III	0.015	12.7	0.0	0.033	11.6	0.0	1.5	1	0	0	1	1	1	0
bb5e08890e6573253e52380ab0eae957a6e1b513057e4f44a4eba7ad0f3b79f7	mkCas0076|Csx21_0_CAS-III-A	0.0084	12.8	1.8	0.021	11.5	0.2	2.0	2	0	0	2	2	2	1
bb5e08890e6573253e52380ab0eae957a6e1b513057e4f44a4eba7ad0f3b79f7	mkCas0116|Csx21_0_CAS-III-A-III-D	0.021	11.6	0.2	0.021	11.6	0.2	1.7	2	0	0	2	2	2	0
faafadaddce093467436e3137e52b2d03d70de822a7ba9d50ad3a73b596e25ef	mkCas0220|Csx27_0_CAS-VI-B	0.01	13.2	4.8	0.008	13.6	3.3	1.6	1	1	0	1	1	1	0
70581fa3ef71e63a3d4ac9bf05fb984ad678390ef4f5cf0223d3eeaad24a10ee	mkCas0220|Csx27_0_CAS-VI-B	0.56	7.5	6.5	9	3.6	0.0	2.6	2	0	0	2	2	2	0
575fb7952d0272f132e5b3ff2b3f03518f6bb589cc0e77d0581a41b1f5090871	mkCas0115|Csx3_2_CAS-I-III	0.00089	15.7	0.0	0.0012	15.3	0.0	1.3	1	0	0	1	1	1	1
f0b41a0355c503a7b76889aa0adbf914406b9a273e1a3ef3f51a592cf418635e	mkCas0115|Csx3_2_CAS-I-III	0.0031	13.9	0.0	0.72	6.2	0.0	2.4	2	0	0	2	2	2	2
50a14940a4dc8d95284de58203ef2abe5979482f7c9c8a6634eddcb04d61549e	mkCas0115|Csx3_2_CAS-I-III	0.0041	13.6	0.0	0.92	5.8	0.0	2.3	2	0	0	2	2	2	2
923a5f98903e7e41cfd47ea3583d00330f1ba422a862f0b54b153c702622ec43	mkCas0115|Csx3_2_CAS-I-III	0.0091	12.4	0.0	0.013	11.9	0.0	1.2	1	0	0	1	1	1	1
f645bdd9dd68c3d2d50e57ad597d3f67f7b19aced323620f652ebd35555376fb	mkCas0115|Csx3_2_CAS-I-III	0.015	11.7	0.0	0.032	10.6	0.0	1.5	1	0	0	1	1	1	0
7d9eaa70934af89dc42b75945374ae0bf39217739605030ab25c826a7a644c98	mkCas0115|Csx3_2_CAS-I-III	0.02	11.3	0.0	0.033	10.6	0.0	1.3	1	0	0	1	1	1	0
eac8716f9d017ad92d04f1d1e34d6aa415f3dcbf4e31b4d70bb187a8226570a2	cluster9|CysH_0_IVB	0.00016	18.7	0.1	0.00032	17.7	0.1	1.5	1	1	0	1	1	1	1
9e2ef382b3ada346d3d97a7319680fbef85c19b18f9a041cb6bd54ab1ae6cac9	cluster9|CysH_0_IVB	0.0013	15.8	0.0	0.0017	15.4	0.0	1.3	1	0	0	1	1	1	1
8f37a0a2da1eac61f978e6b7d05d0b69ce96e768dc4b6bcbaec776d40fe93e1d	cluster9|CysH_0_IVB	0.01	12.8	0.0	0.018	12.0	0.0	1.4	1	0	0	1	1	1	0
1a380d20ef07a760f2ba03ab21db5230bf7cb9bd173a6e713fe88cb2e21a4b5e	cd06127|DEDDh_0_CAS-I-II-III-IV-V-VI	4.2e-49	164.1	0.1	1.2e-48	162.6	0.1	1.9	1	0	0	1	1	1	1
b33e01cd03b60eaef6329affd76b22afed4a5d7243d67fd6d830e1f2eb8c134f	cd06127|DEDDh_0_CAS-I-II-III-IV-V-VI	1.1e-42	143.2	0.9	3.1e-42	141.7	0.9	1.9	1	0	0	1	1	1	1
69ca40b61bd6869d099edd9b3ae47d9f5a3b4871c36c099b717dc66b937868bc	cd06127|DEDDh_0_CAS-I-II-III-IV-V-VI	8.4e-37	124.1	0.1	9.7e-37	123.9	0.1	1.0	1	0	0	1	1	1	1
45d732d434875f546710ac75fd958a4a4be3bd73ff2277d1dcc4b6a04ae37307	cd06127|DEDDh_0_CAS-I-II-III-IV-V-VI	3.1e-22	76.7	0.0	4.2e-22	76.3	0.0	1.2	1	0	0	1	1	1	1
090717e2faf6c8ee2e30407139d532093b7028c2cab668c10d90326ff73dcaeb	icity0077|DHH_CorA_0_CAS-III-B	0.00012	18.9	1.6	0.00031	17.5	1.2	1.8	1	1	1	2	2	2	1
cf6e92d53c54eb38ab5415a7c805e490b3206e1f16690208566f7e86be788467	icity0088|Mem_04_0_CAS-III-D	0.0077	13.1	7.1	0.032	11.0	7.3	2.0	2	1	0	2	2	2	1
a51aaef9774f5ebce2bb0efa9bca33933fdbef699713585a1e567f2176cd1073	icity0088|Mem_04_0_CAS-III-D	0.14	9.0	3.4	0.53	7.0	3.4	2.0	1	1	0	1	1	1	0
270d5f0a29ec63bebd9f3a948ac5d3844917c123e9f3389e1ab69d82d0ff1cb7	icity0029|Mem_DnaJ_0_CAS-III-AM	0.012	12.3	0.1	0.017	11.8	0.1	1.2	1	0	0	1	1	1	0
d9d053293d8b35375b3aac0a4bd660e8b7322a5df8214dacfc18cebb6aa74db5	icity0084|NYN_0_CAS-III-B	0.0013	15.3	0.1	0.0014	15.2	0.1	1.0	1	0	0	1	1	1	1
d43245cfab12eeca0926ec56a6e882f145e2365479eb403a4f4e14dcd1956ba3	cluster10|RecD_0_IVD	1.3e-80	268.7	10.1	1.9e-80	268.3	10.1	1.1	1	0	0	1	1	1	1
6ecda0c3a070013e23d04c0014e2ecc24c36eb9181e97bc88cca3c3b4676515b	cluster10|RecD_0_IVD	7.9e-05	18.2	0.0	0.00013	17.5	0.0	1.3	1	0	0	1	1	1	1
214ee3d6d17c086938ee8bcb69571122789eb43269c5639b48eb276f82d9d944	cluster10|RecD_0_IVD	0.01	11.3	6.1	0.13	7.6	0.5	3.1	3	0	0	3	3	3	0
a21cc8d7874bd71e76c0d2ffcad8e53c1d9439c0af51fddb94118d0aa52f8045	icity0039|RT_0_CAS-I-E	0.049	9.7	0.0	0.062	9.3	0.0	1.1	1	0	0	1	1	1	0
a21cc8d7874bd71e76c0d2ffcad8e53c1d9439c0af51fddb94118d0aa52f8045	icity0040|RT_0_CAS-III-AM-III-B	3e-17	59.7	0.9	4.9e-17	59.0	0.9	1.3	1	0	0	1	1	1	1
a21cc8d7874bd71e76c0d2ffcad8e53c1d9439c0af51fddb94118d0aa52f8045	pfam00078|RT_0_CAS-I-II-III-IV-V-VI	5.1e-29	98.7	1.2	7.7e-29	98.1	1.2	1.2	1	0	0	1	1	1	1
d9263fef6084a6cefabd3e8fe4017ca0f7f5f719c78c7fd4aa6f5cf699ee897f	icity0110|STAND_TPR_0_CAS-I-E	0.02	10.0	0.0	0.026	9.7	0.0	1.1	1	0	0	1	1	1	0
70581fa3ef71e63a3d4ac9bf05fb984ad678390ef4f5cf0223d3eeaad24a10ee	mkCas0219|tm_4_0_CAS-VI-B	0.17	9.3	5.3	15	2.9	6.0	3.3	4	0	0	4	4	4	0
f325168ec2df3ae7acd657e5485fdebe7c0bbe3f54e54a5446fdcac2afb8fcc2	icity0107|TPR_0_CAS-III-A	0.005	13.2	0.1	0.005	13.2	0.1	1.0	1	0	0	1	1	1	1
1d102ac66e3e3c08168ceae6e8735450e9f89e8da5aa03d7f2faec9475cb5d96	icity0107|TPR_0_CAS-III-A	0.0051	13.1	0.1	0.0051	13.1	0.1	1.0	1	0	0	1	1	1	1
7282793e2fb1fbca78d12bd93b6092450ef4b2d7b411c06a082bdb36129ab5e5	icity0109|TPR_1_CAS-III-A	1.3e-08	31.2	4.5	0.0012	14.8	0.2	3.5	1	1	2	3	3	3	2
7282793e2fb1fbca78d12bd93b6092450ef4b2d7b411c06a082bdb36129ab5e5	icity0108|TPR_1_CAS-III-B	0.0014	14.8	0.2	0.0061	12.6	0.2	1.9	1	1	0	1	1	1	1
a6989fae9a1ee4a2877b9c2ddee237ae7cfa4aa0f3a61aa435514ea6b3b36fca	icity0027|Unk_05_0_CAS-I-B	0.0035	14.4	0.1	0.0037	14.3	0.1	1.1	1	0	0	1	1	1	1
9763a25f1b6488fcaa4354240859c67b3fff55022daf9e8ec6f681055875ffdd	COG2378|WYL_0_CAS-I-II-III-IV-V-VI	2.3e-50	169.2	0.0	2.5e-50	169.1	0.0	1.0	1	0	0	1	1	1	1
c468cea43ceafbcf880c51aea2f5f54b250262a71bdeadc8fe38bb7f402f8f92	COG2378|WYL_0_CAS-I-II-III-IV-V-VI	4.5e-13	46.7	0.0	5e-13	46.5	0.0	1.0	1	0	0	1	1	1	1
d1d9935b14d3eec1c13a1390b68f3c738d9132a09da2cc7e216417e6c74fe1eb	COG2378|WYL_0_CAS-I-II-III-IV-V-VI	1.8e-08	31.6	0.0	0.0021	14.9	0.0	2.4	2	0	0	2	2	2	2
4c4e94e42bd72e6321117fa0aadbbec944845990fd489df6bedeb9a7885e112e	COG2378|WYL_0_CAS-I-II-III-IV-V-VI	7.7e-05	19.6	0.0	0.00013	18.9	0.0	1.4	1	0	0	1	1	1	1
e1da8ebe6be9874d1665d12bb358f357b85a8e140040960819c4264883b665af	COG2378|WYL_0_CAS-I-II-III-IV-V-VI	0.00023	18.1	1.0	0.19	8.5	0.1	2.6	3	0	0	3	3	3	2
81658a79bc71250e95382105ea50225ce3a38cba2d45bef5308ed775d37844ea	COG2378|WYL_0_CAS-I-II-III-IV-V-VI	0.0003	17.7	0.0	0.00036	17.4	0.0	1.1	1	0	0	1	1	1	1
dfc0e3c74addebf73c292d27735247405abe6cd19d976775fee7016e1d786d85	COG2378|WYL_0_CAS-I-II-III-IV-V-VI	0.00067	16.5	0.0	0.001	15.9	0.0	1.3	1	0	0	1	1	1	1
d07bceb7f775aa692480f5ab387f957ce816e2e493c8fbedbbd917f360144730	COG2378|WYL_0_CAS-I-II-III-IV-V-VI	0.0012	15.7	0.0	0.0022	14.8	0.0	1.5	1	0	0	1	1	1	1
c468cea43ceafbcf880c51aea2f5f54b250262a71bdeadc8fe38bb7f402f8f92	pfam13280|WYL_3_CAS-I-II-III-IV-V-VI	6e-09	33.5	0.0	8.1e-09	33.1	0.0	1.2	1	0	0	1	1	1	1
