bait_id	protein_id	dist	info
4405002e222e274574dd0ae9c8ac0bf8b957d1a7e735d5c1bfdd1bf2f59bb1e7	2c2238f6c2bbf91578d7c6565c5ff7fca506502e20a534b0a7028d92f403b60c	-9252	cd09639|Cas3_0_CAS-I;7.9e-15;CP049504.1:543542-547048
4405002e222e274574dd0ae9c8ac0bf8b957d1a7e735d5c1bfdd1bf2f59bb1e7	bfafbc76d0ee80bef61337cedff3cb4c31ce5511c3b7cf4c6e646e6ed83b439c	-8549	cd09639|Cas3_0_CAS-I;7.9e-15;CP049504.1:543542-547048
4405002e222e274574dd0ae9c8ac0bf8b957d1a7e735d5c1bfdd1bf2f59bb1e7	fcc71ae4ae0a9ef9807da29b063705770738480d3a2a2f79daf7396b3dd6368f	-7645	cd09639|Cas3_0_CAS-I;7.9e-15;CP049504.1:543542-547048
4405002e222e274574dd0ae9c8ac0bf8b957d1a7e735d5c1bfdd1bf2f59bb1e7	57e284e75ab3dfc7d2509f21091ae3ff097362779248e00599bd5838d9c8c324	-7282	cd09639|Cas3_0_CAS-I;7.9e-15;CP049504.1:543542-547048
4405002e222e274574dd0ae9c8ac0bf8b957d1a7e735d5c1bfdd1bf2f59bb1e7	8c4635dca6bf10566429295d9c5dfa8a896b341ed5855f419f6ceff0d552a2dd	-6124	cd09639|Cas3_0_CAS-I;7.9e-15;CP049504.1:543542-547048
4405002e222e274574dd0ae9c8ac0bf8b957d1a7e735d5c1bfdd1bf2f59bb1e7	2856ea13afa66ae100c2bbeee2cba708d6b3e012f3ff2aa0b53075717e31f435	-5286	cd09639|Cas3_0_CAS-I;7.9e-15;CP049504.1:543542-547048
4405002e222e274574dd0ae9c8ac0bf8b957d1a7e735d5c1bfdd1bf2f59bb1e7	c9d0d9c351b46363a58b8de6f5736727ee67ff90b49788c839a7a46de22f214d	-4889	cd09639|Cas3_0_CAS-I;7.9e-15;CP049504.1:543542-547048
4405002e222e274574dd0ae9c8ac0bf8b957d1a7e735d5c1bfdd1bf2f59bb1e7	73a72e11b50415261726322acf70f33a8c8bd9ab10920c50211d113f3650b155	-4515	cd09639|Cas3_0_CAS-I;7.9e-15;CP049504.1:543542-547048
4405002e222e274574dd0ae9c8ac0bf8b957d1a7e735d5c1bfdd1bf2f59bb1e7	e17d7c98d43786de85a754db5e2c2bddc47ad67abd48fc4c361feb8bd0f97489	-2798	cd09639|Cas3_0_CAS-I;7.9e-15;CP049504.1:543542-547048
4405002e222e274574dd0ae9c8ac0bf8b957d1a7e735d5c1bfdd1bf2f59bb1e7	2f7901fac09d1b51717e24068d19217f94ddd64bf542ba8e129e82d641d30fc1	-1686	cd09639|Cas3_0_CAS-I;7.9e-15;CP049504.1:543542-547048
4405002e222e274574dd0ae9c8ac0bf8b957d1a7e735d5c1bfdd1bf2f59bb1e7	abcc936545f0e9155a33db6c9eae0515b707b9825b2739a9ee0ee8d49ea7683d	-883	cd09639|Cas3_0_CAS-I;7.9e-15;CP049504.1:543542-547048
4405002e222e274574dd0ae9c8ac0bf8b957d1a7e735d5c1bfdd1bf2f59bb1e7	003a0be2385f80a3db1d3a6c6500719c68df338a21fbb5f9e83eace697247b19	1516	cd09639|Cas3_0_CAS-I;7.9e-15;CP049504.1:543542-547048
4405002e222e274574dd0ae9c8ac0bf8b957d1a7e735d5c1bfdd1bf2f59bb1e7	2223fb5c909121d12c636e71a994224a5cce3bc05b72976288798e209e43cce8	2706	cd09639|Cas3_0_CAS-I;7.9e-15;CP049504.1:543542-547048
4405002e222e274574dd0ae9c8ac0bf8b957d1a7e735d5c1bfdd1bf2f59bb1e7	8a08f2565eb1d6ed9a1a7575d4a974167405db4460e22b654d1f0419f21be93e	2987	cd09639|Cas3_0_CAS-I;7.9e-15;CP049504.1:543542-547048
4405002e222e274574dd0ae9c8ac0bf8b957d1a7e735d5c1bfdd1bf2f59bb1e7	e7dfa3df5751ce53aa711f76142dc2bbd64f0895d1b2e0af57196bb0a5a10987	3484	cd09639|Cas3_0_CAS-I;7.9e-15;CP049504.1:543542-547048
4405002e222e274574dd0ae9c8ac0bf8b957d1a7e735d5c1bfdd1bf2f59bb1e7	dc580d5448855e7fc71f499d3423aae29a0e6413b1aeca98b7191f690649d395	4065	cd09639|Cas3_0_CAS-I;7.9e-15;CP049504.1:543542-547048
4405002e222e274574dd0ae9c8ac0bf8b957d1a7e735d5c1bfdd1bf2f59bb1e7	ff1ad0c9f31c8d2fa8316b4914959a8ed849c8ca673b38bcb4f5055878b35369	5365	cd09639|Cas3_0_CAS-I;7.9e-15;CP049504.1:543542-547048
4405002e222e274574dd0ae9c8ac0bf8b957d1a7e735d5c1bfdd1bf2f59bb1e7	6ee73c60f4ae7fbc9fbbf69591cb2be0e35c0da2dd7fa866aaddeabe7f6d6a72	6161	cd09639|Cas3_0_CAS-I;7.9e-15;CP049504.1:543542-547048
4405002e222e274574dd0ae9c8ac0bf8b957d1a7e735d5c1bfdd1bf2f59bb1e7	4e14b35e8a6ee4e736c402a74dfb488823c37d4599881ad7740cc807ac6f6914	8482	cd09639|Cas3_0_CAS-I;7.9e-15;CP049504.1:543542-547048
4405002e222e274574dd0ae9c8ac0bf8b957d1a7e735d5c1bfdd1bf2f59bb1e7	ab59e97e237eed82381fa324b02dfba4374e07af64b704b87a82b7355fe0c50f	9542	cd09639|Cas3_0_CAS-I;7.9e-15;CP049504.1:543542-547048
d83a859ecd0b399940752923f6d199578376fa67116e7af43dd5f64c7cdf6ec9	21a82dd0086b60f27d13afd59a543ae21f47e87c6cc521ba6133f2cfbeda105a	-9541	TIGR01587|Cas3_0_I;2.1e-15;CP049504.1:822605-823687
d83a859ecd0b399940752923f6d199578376fa67116e7af43dd5f64c7cdf6ec9	202e0c55983352c0c7b0b4f2c80aa802bb0f419a5c677708dfea85fa5ba5a722	-9067	TIGR01587|Cas3_0_I;2.1e-15;CP049504.1:822605-823687
d83a859ecd0b399940752923f6d199578376fa67116e7af43dd5f64c7cdf6ec9	bb51fdab083c22a77d489ed5a99eafa2a6bdfe8ca4af9d0968daad1c3182c084	-7519	TIGR01587|Cas3_0_I;2.1e-15;CP049504.1:822605-823687
d83a859ecd0b399940752923f6d199578376fa67116e7af43dd5f64c7cdf6ec9	45a9f20ccf254f69916dd8b3b1727bdf1db39d155fd2ea72ec2d6228b4b001ff	-6106	TIGR01587|Cas3_0_I;2.1e-15;CP049504.1:822605-823687
d83a859ecd0b399940752923f6d199578376fa67116e7af43dd5f64c7cdf6ec9	725d95a0dc584dd14866f69ff3e5f2f38c00109487a7b37411e509d3332852f0	-5598	TIGR01587|Cas3_0_I;2.1e-15;CP049504.1:822605-823687
d83a859ecd0b399940752923f6d199578376fa67116e7af43dd5f64c7cdf6ec9	f05dce0f378c3beba9c014c10d5e5ee7734815a9a6a60355d8735e52c5e60243	-4819	TIGR01587|Cas3_0_I;2.1e-15;CP049504.1:822605-823687
d83a859ecd0b399940752923f6d199578376fa67116e7af43dd5f64c7cdf6ec9	ec9f05b9338dbf3bf954b933f64af1b5fed65355ca02d671a4f6c2493688ecc1	-3553	TIGR01587|Cas3_0_I;2.1e-15;CP049504.1:822605-823687
d83a859ecd0b399940752923f6d199578376fa67116e7af43dd5f64c7cdf6ec9	726b5a5b08012ce6f17333579fc3ced4efe4161fb352aec5462cfe4ee803d22d	-2180	TIGR01587|Cas3_0_I;2.1e-15;CP049504.1:822605-823687
d83a859ecd0b399940752923f6d199578376fa67116e7af43dd5f64c7cdf6ec9	86b708c327374f69544d2c4249e9a4b4eabfbefcd42a19c85faf6c04fc583ee4	-1374	TIGR01587|Cas3_0_I;2.1e-15;CP049504.1:822605-823687
d83a859ecd0b399940752923f6d199578376fa67116e7af43dd5f64c7cdf6ec9	5fe58b96a0730ad6236c891c5ce7bf9854c229a28263ea9454cd5dcc49758970	-364	TIGR01587|Cas3_0_I;2.1e-15;CP049504.1:822605-823687
d83a859ecd0b399940752923f6d199578376fa67116e7af43dd5f64c7cdf6ec9	fe2650bf7d4e8a5cece59bc51ed290932019c342ff36d6b577769bf798c2dbde	728	TIGR01587|Cas3_0_I;2.1e-15;CP049504.1:822605-823687
d83a859ecd0b399940752923f6d199578376fa67116e7af43dd5f64c7cdf6ec9	3df5b477a3caa31451ac25dd9be11183bcb86190b10733dc95b16678bcc34fd4	1714	TIGR01587|Cas3_0_I;2.1e-15;CP049504.1:822605-823687
d83a859ecd0b399940752923f6d199578376fa67116e7af43dd5f64c7cdf6ec9	4f328b0f6de09348608717689b86c915d3c484a4f2e3294c83274400196e6148	4678	TIGR01587|Cas3_0_I;2.1e-15;CP049504.1:822605-823687
d83a859ecd0b399940752923f6d199578376fa67116e7af43dd5f64c7cdf6ec9	803881ec79b20855b0666bc9e153fb5e3a84f21be43e99f8e6ae204d4d2b5ef0	6079	TIGR01587|Cas3_0_I;2.1e-15;CP049504.1:822605-823687
d83a859ecd0b399940752923f6d199578376fa67116e7af43dd5f64c7cdf6ec9	0ad0760471706b8e680680db895f8e4f95bbe0bc7507a0e652b72370b2afc93a	7092	TIGR01587|Cas3_0_I;2.1e-15;CP049504.1:822605-823687
d83a859ecd0b399940752923f6d199578376fa67116e7af43dd5f64c7cdf6ec9	61416c29954ef45ff623b82062a36e65b0327ba3c949fe92441d2eac7673c303	7739	TIGR01587|Cas3_0_I;2.1e-15;CP049504.1:822605-823687
d83a859ecd0b399940752923f6d199578376fa67116e7af43dd5f64c7cdf6ec9	45f87577c80c7472599cb60d074943f98bf985e65214207470fd23761e818c1a	8244	TIGR01587|Cas3_0_I;2.1e-15;CP049504.1:822605-823687
6ecda0c3a070013e23d04c0014e2ecc24c36eb9181e97bc88cca3c3b4676515b	e1b85a565056cff355206472e1652f675a04f379a24b9e547a486023820fdca9	-9471	TIGR01587|Cas3_0_I;1.5e-11;CP049504.1:1221935-1223995
6ecda0c3a070013e23d04c0014e2ecc24c36eb9181e97bc88cca3c3b4676515b	ad408e4c7586450c22538e801f9d4d69a67ce8d82a45ff3fe09ea4ef34c00deb	-8374	TIGR01587|Cas3_0_I;1.5e-11;CP049504.1:1221935-1223995
6ecda0c3a070013e23d04c0014e2ecc24c36eb9181e97bc88cca3c3b4676515b	7de5cd5103db12baefe5983f0f1e79722426d2870927295850416f8db0524fb9	-7624	TIGR01587|Cas3_0_I;1.5e-11;CP049504.1:1221935-1223995
6ecda0c3a070013e23d04c0014e2ecc24c36eb9181e97bc88cca3c3b4676515b	ade751bcb7498dfbeb218100e246766a83d1238416225fbe8423c77b56ac892d	-5633	TIGR01587|Cas3_0_I;1.5e-11;CP049504.1:1221935-1223995
6ecda0c3a070013e23d04c0014e2ecc24c36eb9181e97bc88cca3c3b4676515b	d2549bbf24bd011a420bc470d82ba2f0de038c9940e2971886bc39ef62424935	-4530	TIGR01587|Cas3_0_I;1.5e-11;CP049504.1:1221935-1223995
6ecda0c3a070013e23d04c0014e2ecc24c36eb9181e97bc88cca3c3b4676515b	82ce60d1fa38a251f598e7807bbf75e5c8552042b7621fce2a0f41b48bf4a787	-3885	TIGR01587|Cas3_0_I;1.5e-11;CP049504.1:1221935-1223995
6ecda0c3a070013e23d04c0014e2ecc24c36eb9181e97bc88cca3c3b4676515b	2622254a164d5bcb1e03afa572735c3b8aba4541d3df152738ccf1d46f46f2e7	-3237	TIGR01587|Cas3_0_I;1.5e-11;CP049504.1:1221935-1223995
6ecda0c3a070013e23d04c0014e2ecc24c36eb9181e97bc88cca3c3b4676515b	65f02a255babfcd74f9d4c0196d96f892628b8730dfb25be11e5388e5b35b8bb	-2668	TIGR01587|Cas3_0_I;1.5e-11;CP049504.1:1221935-1223995
6ecda0c3a070013e23d04c0014e2ecc24c36eb9181e97bc88cca3c3b4676515b	3e3f4d3d99ac43c6cba06e66110f6fbfdeb43b6c424cfcbc96c6ade95392c560	-1851	TIGR01587|Cas3_0_I;1.5e-11;CP049504.1:1221935-1223995
6ecda0c3a070013e23d04c0014e2ecc24c36eb9181e97bc88cca3c3b4676515b	e8295a0fdaf42abc6534f754190e429248aea7d222d10937555dfad8dc2668d5	-190	TIGR01587|Cas3_0_I;1.5e-11;CP049504.1:1221935-1223995
6ecda0c3a070013e23d04c0014e2ecc24c36eb9181e97bc88cca3c3b4676515b	7eb10b7579752059d7b1e040f0da2ab033db0548b67a3795427a1a7b1f63036d	218	TIGR01587|Cas3_0_I;1.5e-11;CP049504.1:1221935-1223995
6ecda0c3a070013e23d04c0014e2ecc24c36eb9181e97bc88cca3c3b4676515b	b97b17c07559c8f5d17d92015f233be51638a3539c98d94089c1b34eb1bdb21e	780	TIGR01587|Cas3_0_I;1.5e-11;CP049504.1:1221935-1223995
6ecda0c3a070013e23d04c0014e2ecc24c36eb9181e97bc88cca3c3b4676515b	676bb38bc468fe6d6f638dfdeeab9a3e80182069e1c471134d9183b1524be453	1759	TIGR01587|Cas3_0_I;1.5e-11;CP049504.1:1221935-1223995
6ecda0c3a070013e23d04c0014e2ecc24c36eb9181e97bc88cca3c3b4676515b	607043a8e7fb0b3be98b839c0e99dd8e905a773a59a63e6c08a19cac049ed29c	2678	TIGR01587|Cas3_0_I;1.5e-11;CP049504.1:1221935-1223995
6ecda0c3a070013e23d04c0014e2ecc24c36eb9181e97bc88cca3c3b4676515b	bed48dacd3ff6a23627362d4493eee1821f67341ab53a9e35d9c9030d8073688	3847	TIGR01587|Cas3_0_I;1.5e-11;CP049504.1:1221935-1223995
6ecda0c3a070013e23d04c0014e2ecc24c36eb9181e97bc88cca3c3b4676515b	91c97edcb4cfd54d2784bbadd8e81f05d554c570a9e41ed80b463254f1005bed	4196	TIGR01587|Cas3_0_I;1.5e-11;CP049504.1:1221935-1223995
6ecda0c3a070013e23d04c0014e2ecc24c36eb9181e97bc88cca3c3b4676515b	9e8da077108b41525ecc9402fff743592b9bf71a635eb11b69a5332ee2c8f22b	5074	TIGR01587|Cas3_0_I;1.5e-11;CP049504.1:1221935-1223995
6ecda0c3a070013e23d04c0014e2ecc24c36eb9181e97bc88cca3c3b4676515b	efe7fdb9e57f972e9d5e16a358c3b0ad8ed4c1909476b23cf2ea61f8ff286a1c	8640	TIGR01587|Cas3_0_I;1.5e-11;CP049504.1:1221935-1223995
6ecda0c3a070013e23d04c0014e2ecc24c36eb9181e97bc88cca3c3b4676515b	77739abdd23c4317c996ad129f6151a4459747d60b62d739a790f84623825225	9877	TIGR01587|Cas3_0_I;1.5e-11;CP049504.1:1221935-1223995
0536bd7c798468174930675ded0aa01216869b3e8bb0d605b258479e0e938693	835dca03be7d68342cf0bb1ad42cecfbdbbd18a520e18839b780a8fb0088ad45	9425	C19_Cas3|Cas3_0_CAS-I-D;3e-09;CP049504.1:1532531-1533910
0536bd7c798468174930675ded0aa01216869b3e8bb0d605b258479e0e938693	96db40e826edfd4de66641fa177693341ba32f0f1cd26df4c9795579a83e1c6a	8256	C19_Cas3|Cas3_0_CAS-I-D;3e-09;CP049504.1:1532531-1533910
0536bd7c798468174930675ded0aa01216869b3e8bb0d605b258479e0e938693	50a14940a4dc8d95284de58203ef2abe5979482f7c9c8a6634eddcb04d61549e	6929	C19_Cas3|Cas3_0_CAS-I-D;3e-09;CP049504.1:1532531-1533910
0536bd7c798468174930675ded0aa01216869b3e8bb0d605b258479e0e938693	c4cf6d1cd6d558f599f78ab4c8f84ea9ef609049183a4cdf9c166463d93f3e37	5532	C19_Cas3|Cas3_0_CAS-I-D;3e-09;CP049504.1:1532531-1533910
0536bd7c798468174930675ded0aa01216869b3e8bb0d605b258479e0e938693	97c3b76b6c2330bdcd96989ab6e16f2031a227ce5db8c16efc251a6dfc5bbc37	4161	C19_Cas3|Cas3_0_CAS-I-D;3e-09;CP049504.1:1532531-1533910
0536bd7c798468174930675ded0aa01216869b3e8bb0d605b258479e0e938693	60589aea49b9584e9197885bfb7e0b3f0091cf3138b0f68bebf13d70cc57801e	3116	C19_Cas3|Cas3_0_CAS-I-D;3e-09;CP049504.1:1532531-1533910
0536bd7c798468174930675ded0aa01216869b3e8bb0d605b258479e0e938693	bb5e08890e6573253e52380ab0eae957a6e1b513057e4f44a4eba7ad0f3b79f7	2015	C19_Cas3|Cas3_0_CAS-I-D;3e-09;CP049504.1:1532531-1533910
0536bd7c798468174930675ded0aa01216869b3e8bb0d605b258479e0e938693	e14a48f0fd7ab8838d4eb07df3f0cab953e0d99aa99672087f4f49071913ab34	153	C19_Cas3|Cas3_0_CAS-I-D;3e-09;CP049504.1:1532531-1533910
0536bd7c798468174930675ded0aa01216869b3e8bb0d605b258479e0e938693	c0216bb8b55beeb33fcdf2b32c9bd56282ebff7fc494bd9d26a231e1b63cb1c8	-1051	C19_Cas3|Cas3_0_CAS-I-D;3e-09;CP049504.1:1532531-1533910
0536bd7c798468174930675ded0aa01216869b3e8bb0d605b258479e0e938693	e11ecf53207c0305fa71c84316618cc8ca5fc75420ebbe5369fb4e1a3a9c1769	-1405	C19_Cas3|Cas3_0_CAS-I-D;3e-09;CP049504.1:1532531-1533910
0536bd7c798468174930675ded0aa01216869b3e8bb0d605b258479e0e938693	34a4c03c641dd55b115827950ffd57dd2f5861fa90168e856da684f7492ed605	-2352	C19_Cas3|Cas3_0_CAS-I-D;3e-09;CP049504.1:1532531-1533910
0536bd7c798468174930675ded0aa01216869b3e8bb0d605b258479e0e938693	6d571eb6bdb45b691eaf17c6b9d5c386a0b659313749dc11128f4824bbd1c1e7	-3449	C19_Cas3|Cas3_0_CAS-I-D;3e-09;CP049504.1:1532531-1533910
0536bd7c798468174930675ded0aa01216869b3e8bb0d605b258479e0e938693	e07d0aee2b6b80a3c8ff347b3129ce1725c1c20016b79d8ece06935b608ac4bf	-3779	C19_Cas3|Cas3_0_CAS-I-D;3e-09;CP049504.1:1532531-1533910
0536bd7c798468174930675ded0aa01216869b3e8bb0d605b258479e0e938693	05e40e153d27adcdcb8199144f603fc58f61e2ad1880969457e6e9b8b4852e72	-4733	C19_Cas3|Cas3_0_CAS-I-D;3e-09;CP049504.1:1532531-1533910
0536bd7c798468174930675ded0aa01216869b3e8bb0d605b258479e0e938693	4b730299bb85e107b4b99daf961c342524fb506d6c9b1713cfceecc778001ab2	-5728	C19_Cas3|Cas3_0_CAS-I-D;3e-09;CP049504.1:1532531-1533910
0536bd7c798468174930675ded0aa01216869b3e8bb0d605b258479e0e938693	b4cd7657900839fcdaee8e2c3045da5161082aff00c25481c428ce0be10a3abb	-6665	C19_Cas3|Cas3_0_CAS-I-D;3e-09;CP049504.1:1532531-1533910
0536bd7c798468174930675ded0aa01216869b3e8bb0d605b258479e0e938693	5a4eddf35bb8a6dc3847c126715adcb07e248a03a9fccbbc72504d46773d80cc	-8130	C19_Cas3|Cas3_0_CAS-I-D;3e-09;CP049504.1:1532531-1533910
0536bd7c798468174930675ded0aa01216869b3e8bb0d605b258479e0e938693	340586240c4d0e08d7c9213ff642e63fc06d765a694362b24b4eeb234d8fdad1	-8568	C19_Cas3|Cas3_0_CAS-I-D;3e-09;CP049504.1:1532531-1533910
0536bd7c798468174930675ded0aa01216869b3e8bb0d605b258479e0e938693	cacb211bbf96ae70e86922b9c158142dd6182cb68595cb431af25229d63decba	-8913	C19_Cas3|Cas3_0_CAS-I-D;3e-09;CP049504.1:1532531-1533910
0536bd7c798468174930675ded0aa01216869b3e8bb0d605b258479e0e938693	068a494c674cfa5708aa8740792dfb68ac1108c8934d34b444b61835cad0241a	-9070	C19_Cas3|Cas3_0_CAS-I-D;3e-09;CP049504.1:1532531-1533910
0536bd7c798468174930675ded0aa01216869b3e8bb0d605b258479e0e938693	646952faf157dd8c9dd98b54da9a036127742bae450e458f6a64176b9e02975d	-9459	C19_Cas3|Cas3_0_CAS-I-D;3e-09;CP049504.1:1532531-1533910
cee0b776a3ceb89591bde490bc5ee931bb9522f6d1c4494f7c475efe0947b1f4	4dce9f5ee970e5f577c19ae98ace3d9adfa5f46acb59fd0344747079d5f69c8e	9836	cd09639|Cas3_0_CAS-I;1.5e-13;CP049504.1:1648256-1649602
cee0b776a3ceb89591bde490bc5ee931bb9522f6d1c4494f7c475efe0947b1f4	acb7b7b2d0916a4154ef0b91acb87e404e482afbaf02b851edc5d5eb656556fd	8850	cd09639|Cas3_0_CAS-I;1.5e-13;CP049504.1:1648256-1649602
cee0b776a3ceb89591bde490bc5ee931bb9522f6d1c4494f7c475efe0947b1f4	74b491ba3da3654a27785ff465fba761a15625b5b8a0ada9a93935473f9b1d7c	7206	cd09639|Cas3_0_CAS-I;1.5e-13;CP049504.1:1648256-1649602
cee0b776a3ceb89591bde490bc5ee931bb9522f6d1c4494f7c475efe0947b1f4	49b7584e3a80ad4f22e771a9130054469be4020002278a3192ce1072213e3150	6601	cd09639|Cas3_0_CAS-I;1.5e-13;CP049504.1:1648256-1649602
cee0b776a3ceb89591bde490bc5ee931bb9522f6d1c4494f7c475efe0947b1f4	b1db8b6411d0c2cbe460d72939f455b3096d27e5d05c00754f036a111e06926c	6297	cd09639|Cas3_0_CAS-I;1.5e-13;CP049504.1:1648256-1649602
cee0b776a3ceb89591bde490bc5ee931bb9522f6d1c4494f7c475efe0947b1f4	0067610e34691a014775553ca6f8105af3e08668d61bb9871a85abe0ea55a0ea	4109	cd09639|Cas3_0_CAS-I;1.5e-13;CP049504.1:1648256-1649602
cee0b776a3ceb89591bde490bc5ee931bb9522f6d1c4494f7c475efe0947b1f4	97d990e1583549ea92a2e8c52044ab332903ed0413f2fd4af0d1642edc778c47	3389	cd09639|Cas3_0_CAS-I;1.5e-13;CP049504.1:1648256-1649602
cee0b776a3ceb89591bde490bc5ee931bb9522f6d1c4494f7c475efe0947b1f4	9cb1004674c59c8b0f0a1e5d8cf6769c3f2926af94e912b46e47cce24a82e3a9	2703	cd09639|Cas3_0_CAS-I;1.5e-13;CP049504.1:1648256-1649602
cee0b776a3ceb89591bde490bc5ee931bb9522f6d1c4494f7c475efe0947b1f4	8555d916d1a5438c582a18a46690deb6e4626d8d6db6b0a0eadb998decd7e471	1844	cd09639|Cas3_0_CAS-I;1.5e-13;CP049504.1:1648256-1649602
cee0b776a3ceb89591bde490bc5ee931bb9522f6d1c4494f7c475efe0947b1f4	d7870324260d3b6b265bcc881458eb4697f94c24bbcb9292c622da076d325526	1026	cd09639|Cas3_0_CAS-I;1.5e-13;CP049504.1:1648256-1649602
cee0b776a3ceb89591bde490bc5ee931bb9522f6d1c4494f7c475efe0947b1f4	a57d82bf5902c10f1af07cf16b70aaae8bfcbd1a446aa9586b24b830de5691d1	10	cd09639|Cas3_0_CAS-I;1.5e-13;CP049504.1:1648256-1649602
cee0b776a3ceb89591bde490bc5ee931bb9522f6d1c4494f7c475efe0947b1f4	64065da0392659537972681e07c9f81ae85e1db5a1b3cfff64e41c2bbdca6d2b	-114	cd09639|Cas3_0_CAS-I;1.5e-13;CP049504.1:1648256-1649602
cee0b776a3ceb89591bde490bc5ee931bb9522f6d1c4494f7c475efe0947b1f4	617f71aa8ff1ab167bb9e88e285a46c3fddf94ee4e0ddddee65161bc410dfdee	-1217	cd09639|Cas3_0_CAS-I;1.5e-13;CP049504.1:1648256-1649602
cee0b776a3ceb89591bde490bc5ee931bb9522f6d1c4494f7c475efe0947b1f4	0a150215cd3b15bc98a788652c171e206a3d2a359664fd34bc5ad866edf8ce3e	-2025	cd09639|Cas3_0_CAS-I;1.5e-13;CP049504.1:1648256-1649602
cee0b776a3ceb89591bde490bc5ee931bb9522f6d1c4494f7c475efe0947b1f4	3e441c6800e640a019f2f85ada2409cf3e7aaa7d2eadb83e6542577d76904957	-3355	cd09639|Cas3_0_CAS-I;1.5e-13;CP049504.1:1648256-1649602
cee0b776a3ceb89591bde490bc5ee931bb9522f6d1c4494f7c475efe0947b1f4	cd2e31d70516a684d4e7643aba586df75190d407af66d2a74a979feea30fec66	-5233	cd09639|Cas3_0_CAS-I;1.5e-13;CP049504.1:1648256-1649602
cee0b776a3ceb89591bde490bc5ee931bb9522f6d1c4494f7c475efe0947b1f4	e5b0b9e057f8273e7303522a6fd79ae3ad9387a5a99a12a4c2f9cdd9d6ca6066	-6062	cd09639|Cas3_0_CAS-I;1.5e-13;CP049504.1:1648256-1649602
cee0b776a3ceb89591bde490bc5ee931bb9522f6d1c4494f7c475efe0947b1f4	e44d0255a0dcf7f9e1268bd6fb5a803dbd08589413a43878db721a18fadd6197	-7020	cd09639|Cas3_0_CAS-I;1.5e-13;CP049504.1:1648256-1649602
cee0b776a3ceb89591bde490bc5ee931bb9522f6d1c4494f7c475efe0947b1f4	ad8f99cdcb59f766407cbc4ebadb3503ac89cd57d463b763c8aebd56afba9d46	-8561	cd09639|Cas3_0_CAS-I;1.5e-13;CP049504.1:1648256-1649602
cee0b776a3ceb89591bde490bc5ee931bb9522f6d1c4494f7c475efe0947b1f4	d17a6710fa282c7f86051fb560a060360f3b42bccce6a7e8f5d8900ac8ab66a8	-9335	cd09639|Cas3_0_CAS-I;1.5e-13;CP049504.1:1648256-1649602
69c10e6fd1a871527de6be8ebc5ace081ccfbc1001f8277590327419eb4c6683	d1e4982c2831e6e21917ed7ad82c8ff851b0e191aa34a40fa029656bb2485fee	9238	cd09639|Cas3_0_CAS-I;9e-08;CP049504.1:2216402-2217922
69c10e6fd1a871527de6be8ebc5ace081ccfbc1001f8277590327419eb4c6683	e5b3bdf0767f304627a3cc982eaf38dd940e9b952a0d43c276ba5b488fba7de1	7191	cd09639|Cas3_0_CAS-I;9e-08;CP049504.1:2216402-2217922
69c10e6fd1a871527de6be8ebc5ace081ccfbc1001f8277590327419eb4c6683	0c2627ad7def3717769dde0267e4db82751cfee6b040a6890ded0c7ec6d4c8ce	5496	cd09639|Cas3_0_CAS-I;9e-08;CP049504.1:2216402-2217922
69c10e6fd1a871527de6be8ebc5ace081ccfbc1001f8277590327419eb4c6683	6a036e38a808b27f32e42a9e665aa58bd376e3a9765bd0cfa5e0efe4c605ec2d	2567	cd09639|Cas3_0_CAS-I;9e-08;CP049504.1:2216402-2217922
69c10e6fd1a871527de6be8ebc5ace081ccfbc1001f8277590327419eb4c6683	6707f373898e1d355f278adb3e0817ee14c70f945b2c8de8fe7765b85f68d603	1872	cd09639|Cas3_0_CAS-I;9e-08;CP049504.1:2216402-2217922
69c10e6fd1a871527de6be8ebc5ace081ccfbc1001f8277590327419eb4c6683	24a85bf1875b6430f26a3cac5e9d024f2e85be77c589c03a7c1b5bf00142b7ef	169	cd09639|Cas3_0_CAS-I;9e-08;CP049504.1:2216402-2217922
69c10e6fd1a871527de6be8ebc5ace081ccfbc1001f8277590327419eb4c6683	347b21a208dddc12f684b158d739ba7261d7245ca5e57fc741af9d4fc2e4e564	-517	cd09639|Cas3_0_CAS-I;9e-08;CP049504.1:2216402-2217922
69c10e6fd1a871527de6be8ebc5ace081ccfbc1001f8277590327419eb4c6683	cc3e9c190811379530ec59beec475005ac364e4ca264cb31e886ab2b5361127a	-1890	cd09639|Cas3_0_CAS-I;9e-08;CP049504.1:2216402-2217922
69c10e6fd1a871527de6be8ebc5ace081ccfbc1001f8277590327419eb4c6683	1af24252a2b47b96b69fb97ae87a153a5be42eba95c0ec30835c172d366540c2	-3278	cd09639|Cas3_0_CAS-I;9e-08;CP049504.1:2216402-2217922
69c10e6fd1a871527de6be8ebc5ace081ccfbc1001f8277590327419eb4c6683	21889086e3e9bc8927b9f98489c19e1859630da96e948cd594f73be8f86af375	-4744	cd09639|Cas3_0_CAS-I;9e-08;CP049504.1:2216402-2217922
69c10e6fd1a871527de6be8ebc5ace081ccfbc1001f8277590327419eb4c6683	ca12943e40c19aff7e6316ba04889ab808ad0442f2f8900fefc83531c31cc2f3	-5009	cd09639|Cas3_0_CAS-I;9e-08;CP049504.1:2216402-2217922
69c10e6fd1a871527de6be8ebc5ace081ccfbc1001f8277590327419eb4c6683	6cdaab6f7f453e02484fea2860e20e842096e59d99da9ac9150a4d9aff141f43	-5230	cd09639|Cas3_0_CAS-I;9e-08;CP049504.1:2216402-2217922
69c10e6fd1a871527de6be8ebc5ace081ccfbc1001f8277590327419eb4c6683	163a2743490a8350d1ddbbf382da6e96b91d6d14b3f05a7effff38566e299a67	-5689	cd09639|Cas3_0_CAS-I;9e-08;CP049504.1:2216402-2217922
69c10e6fd1a871527de6be8ebc5ace081ccfbc1001f8277590327419eb4c6683	00d4aa61599ea29d3e2a5ab18d071ededf53e08b0385744dd1f1325124d4051b	-7201	cd09639|Cas3_0_CAS-I;9e-08;CP049504.1:2216402-2217922
69c10e6fd1a871527de6be8ebc5ace081ccfbc1001f8277590327419eb4c6683	1457c9106efe705f90762a55239a1c2486dae1efd0525e3cb5e90122c1839d9e	-8761	cd09639|Cas3_0_CAS-I;9e-08;CP049504.1:2216402-2217922
69c10e6fd1a871527de6be8ebc5ace081ccfbc1001f8277590327419eb4c6683	d0755cefdfebf0ec77c3191c17150fb762854d3f5b5f10386dc2276dec836da5	-9719	cd09639|Cas3_0_CAS-I;9e-08;CP049504.1:2216402-2217922
6496220197c3d59bb0b1a5ff8d7118cbbb020308c46b13447ca9ae8327ca84e9	5f0fdd7b17c47c1feb2456da58df5c31de77910753ea4632e54c5d911ba3c91b	-9914	cd09655|CasR_0_CAS-I-II-III-IV-V-VI;5.5e-07;CP049504.1:2277344-2277664
6496220197c3d59bb0b1a5ff8d7118cbbb020308c46b13447ca9ae8327ca84e9	3bf923b7715e13053c45219415afae5f08bb5eb52b55bb0fc085343fd97e09cb	-9412	cd09655|CasR_0_CAS-I-II-III-IV-V-VI;5.5e-07;CP049504.1:2277344-2277664
6496220197c3d59bb0b1a5ff8d7118cbbb020308c46b13447ca9ae8327ca84e9	9a57cfd9dfe39f0e7387cba1c324140204df4085b30aa28a975a8c18be415ff7	-8097	cd09655|CasR_0_CAS-I-II-III-IV-V-VI;5.5e-07;CP049504.1:2277344-2277664
6496220197c3d59bb0b1a5ff8d7118cbbb020308c46b13447ca9ae8327ca84e9	d6c172545d39ccd7beb32c40fe1ee70582de17dc49f211d824ee70aab57daac9	-7156	cd09655|CasR_0_CAS-I-II-III-IV-V-VI;5.5e-07;CP049504.1:2277344-2277664
6496220197c3d59bb0b1a5ff8d7118cbbb020308c46b13447ca9ae8327ca84e9	980de537e8e408051dd1628bb4bd15b9b1c6387ce14be810158836187b7cb218	-6132	cd09655|CasR_0_CAS-I-II-III-IV-V-VI;5.5e-07;CP049504.1:2277344-2277664
6496220197c3d59bb0b1a5ff8d7118cbbb020308c46b13447ca9ae8327ca84e9	44ec4c8d08602dcfe373f9c43c8bb4d74bfa62325d68d0431b7b2289b2415afa	-5568	cd09655|CasR_0_CAS-I-II-III-IV-V-VI;5.5e-07;CP049504.1:2277344-2277664
6496220197c3d59bb0b1a5ff8d7118cbbb020308c46b13447ca9ae8327ca84e9	cff268d5451e11d0639e66f4871be7a82fd331776a734b019eead81f3cf08419	-4955	cd09655|CasR_0_CAS-I-II-III-IV-V-VI;5.5e-07;CP049504.1:2277344-2277664
6496220197c3d59bb0b1a5ff8d7118cbbb020308c46b13447ca9ae8327ca84e9	9992862a0c61e125d081d062d8b90593a805e59d5b214c69a9191b6f3cf62136	-3125	cd09655|CasR_0_CAS-I-II-III-IV-V-VI;5.5e-07;CP049504.1:2277344-2277664
6496220197c3d59bb0b1a5ff8d7118cbbb020308c46b13447ca9ae8327ca84e9	4365cda159d18e861d2004aaa2ac784af87c5703d3705f4e3f3c331e8be9d2fd	-2223	cd09655|CasR_0_CAS-I-II-III-IV-V-VI;5.5e-07;CP049504.1:2277344-2277664
6496220197c3d59bb0b1a5ff8d7118cbbb020308c46b13447ca9ae8327ca84e9	d58ad727f2f10b5cc665add27e567badf03f676cfcf593620d1811c60322b80c	-1974	cd09655|CasR_0_CAS-I-II-III-IV-V-VI;5.5e-07;CP049504.1:2277344-2277664
6496220197c3d59bb0b1a5ff8d7118cbbb020308c46b13447ca9ae8327ca84e9	e44ba4eedd994cb129b4cfde03671400b1355a3d80892d6780f608ced9393262	-1253	cd09655|CasR_0_CAS-I-II-III-IV-V-VI;5.5e-07;CP049504.1:2277344-2277664
6496220197c3d59bb0b1a5ff8d7118cbbb020308c46b13447ca9ae8327ca84e9	5fe126b4a7f5f0326db83ca8882686fa84b7cd17833df22e38edec8b3d2a0928	-152	cd09655|CasR_0_CAS-I-II-III-IV-V-VI;5.5e-07;CP049504.1:2277344-2277664
6496220197c3d59bb0b1a5ff8d7118cbbb020308c46b13447ca9ae8327ca84e9	074f96f272c67705973538337a60beac1b09dde80cdf342bc08cd845abc5e577	2	cd09655|CasR_0_CAS-I-II-III-IV-V-VI;5.5e-07;CP049504.1:2277344-2277664
6496220197c3d59bb0b1a5ff8d7118cbbb020308c46b13447ca9ae8327ca84e9	ba65a50e81e53389c6e155747408165e2cf980ab5fd27ddee01f2f072300d5fa	1245	cd09655|CasR_0_CAS-I-II-III-IV-V-VI;5.5e-07;CP049504.1:2277344-2277664
6496220197c3d59bb0b1a5ff8d7118cbbb020308c46b13447ca9ae8327ca84e9	5c66f27c7def00f8be6abbed98280de6c6e70e6b03cb993dec78a91b8f331cb2	4369	cd09655|CasR_0_CAS-I-II-III-IV-V-VI;5.5e-07;CP049504.1:2277344-2277664
6496220197c3d59bb0b1a5ff8d7118cbbb020308c46b13447ca9ae8327ca84e9	34db7e9908670bfd95776e1f6f4f6db52ed34c21fcc86b2d18165c1aa979a748	5294	cd09655|CasR_0_CAS-I-II-III-IV-V-VI;5.5e-07;CP049504.1:2277344-2277664
6496220197c3d59bb0b1a5ff8d7118cbbb020308c46b13447ca9ae8327ca84e9	78ba701a4de947090957dac71c7f3b494224a6bb15e88163b314ddd07d697869	6308	cd09655|CasR_0_CAS-I-II-III-IV-V-VI;5.5e-07;CP049504.1:2277344-2277664
6496220197c3d59bb0b1a5ff8d7118cbbb020308c46b13447ca9ae8327ca84e9	16ea226832f4aeca232b5fd8131a49130619ad05e1ab15a8afdd0499efb20331	8794	cd09655|CasR_0_CAS-I-II-III-IV-V-VI;5.5e-07;CP049504.1:2277344-2277664
6cbc8e42078c08f9b10d99513c9d0accaa12857be503cbc00f03b90cab1994f8	85f53b191b2172527ffe13d373685022e9bb4b85df157c22f3746757bbe5c7e3	3247	cls001593|CasR_1_CAS-I-II-III-IV-V-VI;2.3e-08;CP049505.1:4552-5130
6cbc8e42078c08f9b10d99513c9d0accaa12857be503cbc00f03b90cab1994f8	9104b10221dc127a1d179c547467abfdaeddd0689ca591675c2b99bbdfd96024	2360	cls001593|CasR_1_CAS-I-II-III-IV-V-VI;2.3e-08;CP049505.1:4552-5130
6cbc8e42078c08f9b10d99513c9d0accaa12857be503cbc00f03b90cab1994f8	c468cea43ceafbcf880c51aea2f5f54b250262a71bdeadc8fe38bb7f402f8f92	1513	cls001593|CasR_1_CAS-I-II-III-IV-V-VI;2.3e-08;CP049505.1:4552-5130
6cbc8e42078c08f9b10d99513c9d0accaa12857be503cbc00f03b90cab1994f8	f37961792fe5a29c46a020d0e65eac5fe26381266e64a7ac855004e38ea20554	670	cls001593|CasR_1_CAS-I-II-III-IV-V-VI;2.3e-08;CP049505.1:4552-5130
6cbc8e42078c08f9b10d99513c9d0accaa12857be503cbc00f03b90cab1994f8	8ad64b92e406a93d7634a4c3e2608cd4c67521af478176a29fcf7e0661cf40a5	223	cls001593|CasR_1_CAS-I-II-III-IV-V-VI;2.3e-08;CP049505.1:4552-5130
6cbc8e42078c08f9b10d99513c9d0accaa12857be503cbc00f03b90cab1994f8	161851ed8f8fa56315abdeda699d2c5b16a68fc6ee08a3bbf9716b8a01636c6c	-264	cls001593|CasR_1_CAS-I-II-III-IV-V-VI;2.3e-08;CP049505.1:4552-5130
6cbc8e42078c08f9b10d99513c9d0accaa12857be503cbc00f03b90cab1994f8	11e05d6eae7fd71d411bc615fb65567499f6242ac7efafb3cf01619765b5f2c8	-634	cls001593|CasR_1_CAS-I-II-III-IV-V-VI;2.3e-08;CP049505.1:4552-5130
6cbc8e42078c08f9b10d99513c9d0accaa12857be503cbc00f03b90cab1994f8	1b49531546f14620f05f2dede8e2968ca2d755b749ab72d0b33f52e00add5dde	-2498	cls001593|CasR_1_CAS-I-II-III-IV-V-VI;2.3e-08;CP049505.1:4552-5130
6cbc8e42078c08f9b10d99513c9d0accaa12857be503cbc00f03b90cab1994f8	0c99d3517d3628205cdb704f326dfb232d26adf2afab87707ac286000480e4fb	-3857	cls001593|CasR_1_CAS-I-II-III-IV-V-VI;2.3e-08;CP049505.1:4552-5130
6cbc8e42078c08f9b10d99513c9d0accaa12857be503cbc00f03b90cab1994f8	c94d9d96b54a0660ab18efff37d896d272e6e4c7b9ea3dd019af61063df78c9d	-4400	cls001593|CasR_1_CAS-I-II-III-IV-V-VI;2.3e-08;CP049505.1:4552-5130
6cbc8e42078c08f9b10d99513c9d0accaa12857be503cbc00f03b90cab1994f8	b58ad86d3e86aaeecd13185e69c8f0a4ced1950c7864b354fa7ac28c63589e28	-5792	cls001593|CasR_1_CAS-I-II-III-IV-V-VI;2.3e-08;CP049505.1:4552-5130
6cbc8e42078c08f9b10d99513c9d0accaa12857be503cbc00f03b90cab1994f8	501dd1677c69ff32db044441b21596ac0aa17359ca0402c7d7d1b93380344724	-6158	cls001593|CasR_1_CAS-I-II-III-IV-V-VI;2.3e-08;CP049505.1:4552-5130
6cbc8e42078c08f9b10d99513c9d0accaa12857be503cbc00f03b90cab1994f8	0c41420d3cd5d808a5dcf369a8a77820ba682f8107b59dd5200c8fd95621f0d3	-7896	cls001593|CasR_1_CAS-I-II-III-IV-V-VI;2.3e-08;CP049505.1:4552-5130
6cbc8e42078c08f9b10d99513c9d0accaa12857be503cbc00f03b90cab1994f8	7879974444caa1133cc752473b5d7d274b9434e3bcf39d05f31bf4187ff264bd	-8200	cls001593|CasR_1_CAS-I-II-III-IV-V-VI;2.3e-08;CP049505.1:4552-5130
6cbc8e42078c08f9b10d99513c9d0accaa12857be503cbc00f03b90cab1994f8	da0097f9bedd1e0898b75738ee22784b326aa1977eec8c96b8e35849e20c4dc2	-9060	cls001593|CasR_1_CAS-I-II-III-IV-V-VI;2.3e-08;CP049505.1:4552-5130
6cbc8e42078c08f9b10d99513c9d0accaa12857be503cbc00f03b90cab1994f8	caaa6fe2c3aa1feda8729294fa1cce4c12ff9e7f8cd685ae4d1eecee9b70083d	-9764	cls001593|CasR_1_CAS-I-II-III-IV-V-VI;2.3e-08;CP049505.1:4552-5130
CRISPR4	d70d7e25ab9c2d5cd93cf6097ce531a40ea328579354ef511271c14faf375b56	9704	CP049504.1:57374-57720
CRISPR4	73fc0f34b017fc14f02bd273eaa96058be078780726c77867bc4ed38a1f58db5	8121	CP049504.1:57374-57720
CRISPR4	1c78e82412ee9073e23bc89f0832af91b71fa92af52ef24b84dff4e2b351a17b	6795	CP049504.1:57374-57720
CRISPR4	167ba48362ed7b5cf4e6c5abae2d97867e570fdc5da7aa7e28e6a65cc59fcbef	6431	CP049504.1:57374-57720
CRISPR4	498411c2d5c6e9db6a23882de0b96f75f774fbc82f3581b696da2639bbd7fb44	4791	CP049504.1:57374-57720
CRISPR4	b706991d7fc9e36406b36fa8a42993abf05438a9d3abde229f37ecd2ff2c8ef2	4721	CP049504.1:57374-57720
CRISPR4	7d102afd9a57c3de8b69717422e0594ec9448805c254a54328d9ae8115d33c5c	2889	CP049504.1:57374-57720
CRISPR4	170a0e1669e136f48bd353b205b385cb6324611617f1ff00d164b52dc8f41a3b	2445	CP049504.1:57374-57720
CRISPR4	c7da521da52de5f1afa05dc3b995fcbd049e23826c826cf8c3b521cb7d761ad8	2342	CP049504.1:57374-57720
CRISPR4	d84358960c472c0646f32719a442ec92cb6cba016dc23eba8a27ae3243e2a2ab	2038	CP049504.1:57374-57720
CRISPR4	ab827465f2c4030e8b453d13a680f557a5f9edb6d6fe1b49df2ceec2cf14351a	1516	CP049504.1:57374-57720
CRISPR4	c72b0428a43fa6e8cd2b4fecf262ae47e6e0adaaa97823ce276f18dca67e2fab	693	CP049504.1:57374-57720
CRISPR4	ef77012ed92ddf67785c40245d5dc306e6e018347c16434fb90ae63fc872b949	268	CP049504.1:57374-57720
CRISPR4	e792ec42ca611fdb43e34c399e6e0100a840399c443d913603e624aaeb7e00e4	263	CP049504.1:57374-57720
CRISPR4	62a7bc7f80c5557e1bd690c4de728debf394025a8ccb5a1f2458c458f4879f5f	1103	CP049504.1:57374-57720
CRISPR4	8f3b91f58a93f977accdb00e39d1e559b4e28d6f6ef828b015ba449498c3e3c1	1577	CP049504.1:57374-57720
CRISPR4	a412189f1a80cbef1ed29dc7bb7872060c0f683044b29db04408ae03ca89bab9	3683	CP049504.1:57374-57720
CRISPR4	17b3848b9348b8e0a9faa4797448cf23206d1ea159366260ff693f637c12cf47	5440	CP049504.1:57374-57720
CRISPR4	7cdc8f6c22cdf0a063699a02c45705d938d6df9c6b259c6647afc72e6fdd05c9	6319	CP049504.1:57374-57720
CRISPR4	0e72c270a1513ccaf18419f33942044db90763edc6171389eeea5915970b094c	7542	CP049504.1:57374-57720
CRISPR4	592b5318e144598593d3de218742285af33def707156612c21fa4a2c1207e323	7938	CP049504.1:57374-57720
CRISPR4	8c35d9430f9d4acb44c8c5983be0caf2fbe2d711f1fd2f29e024166d804057be	8909	CP049504.1:57374-57720
CRISPR9	ee3a392e7254c9e2a0bd1a9f1c0860101d09e8c087f80dc9c4911f0a0ee03200	8950	CP049504.1:796120-796255
CRISPR9	2059577452e32a337283a067a4dffea6f2aae87e0ce27ae64fd8516dcc1f5f4a	6797	CP049504.1:796120-796255
CRISPR9	f18215adfcfd4cbc2c26077e4719e05f0b2b4f3ad57f7d7038a043736c09e079	5004	CP049504.1:796120-796255
CRISPR9	adeaf96ba81646b2e40b860ae7c9d9b1e29af0c202ac0f92043c225a84caccdc	3805	CP049504.1:796120-796255
CRISPR9	75f7a07bd1c2c097dbf18012674e14a80c2fffde01fe2fcdd4f4bab274b830dd	2298	CP049504.1:796120-796255
CRISPR9	ec3ca5f83144c68301ada925d6ed21df95a1a8d15e48ad0daa56f1b0d6601e28	1000	CP049504.1:796120-796255
CRISPR9	1d01ce98eaa7d6ded22072e17ad72a3c8c5bc7acc8cf67d0a1c81f596e745456	119	CP049504.1:796120-796255
CRISPR9	7b6d89c83dcbe6991c7abd811192cf8163c6bcb5605ea962fb6f19b591b86e4c	625	CP049504.1:796120-796255
CRISPR9	d0dc8983da7783c488070efc96b849f31f02e6a7f9f1a7333f45ba5da8d46ad1	1812	CP049504.1:796120-796255
CRISPR9	216fa1ce5ee1a26be1fa953e2309bcec0369076089128d90db5ddd876d292115	3658	CP049504.1:796120-796255
CRISPR9	af1b1d047cadbbae7af335b9d3bccf7e1db40e64f4c1d6d4c3e847809088fe5f	4178	CP049504.1:796120-796255
CRISPR9	f6e9347d70c40c8bc7fa88f0ac5dd548e4413a0b6ab0a5b71b067ffd6d20d400	5845	CP049504.1:796120-796255
CRISPR9	c8ed4420663a27312b2cfd206b44502b44859b5439d5ca552787464b7bb167a2	6206	CP049504.1:796120-796255
CRISPR9	a000adcebfa2767cb7624f9af82ef524f37ade3eeb675a6e07e475b3c3ed1b05	8429	CP049504.1:796120-796255
CRISPR9	72755237287160a0bb92327276c5832088fcfa8453c470fb3fb9302ae5df576c	9775	CP049504.1:796120-796255
CRISPR10	3df5b477a3caa31451ac25dd9be11183bcb86190b10733dc95b16678bcc34fd4	9165	CP049504.1:837097-837175
CRISPR10	4f328b0f6de09348608717689b86c915d3c484a4f2e3294c83274400196e6148	7740	CP049504.1:837097-837175
CRISPR10	803881ec79b20855b0666bc9e153fb5e3a84f21be43e99f8e6ae204d4d2b5ef0	6492	CP049504.1:837097-837175
CRISPR10	0ad0760471706b8e680680db895f8e4f95bbe0bc7507a0e652b72370b2afc93a	5668	CP049504.1:837097-837175
CRISPR10	61416c29954ef45ff623b82062a36e65b0327ba3c949fe92441d2eac7673c303	5435	CP049504.1:837097-837175
CRISPR10	45f87577c80c7472599cb60d074943f98bf985e65214207470fd23761e818c1a	3181	CP049504.1:837097-837175
CRISPR11	45f87577c80c7472599cb60d074943f98bf985e65214207470fd23761e818c1a	8636	CP049504.1:842552-842814
CRISPR10	abf341076df6812c9b53904c40dfe95f757ebeadf0b94ba5fa0f45d56bc7827d	327	CP049504.1:837097-837175
CRISPR11	abf341076df6812c9b53904c40dfe95f757ebeadf0b94ba5fa0f45d56bc7827d	5782	CP049504.1:842552-842814
CRISPR10	10788457321c1334067e6e74057162aa1db41a7b220b28ff30e285f5185fa18a	259	CP049504.1:837097-837175
CRISPR11	10788457321c1334067e6e74057162aa1db41a7b220b28ff30e285f5185fa18a	4186	CP049504.1:842552-842814
CRISPR10	d3eea0e3eb3d135d91a4ba675ee1d8b8b8ce8c703fb1f7992de86ca52a8849cb	1197	CP049504.1:837097-837175
CRISPR11	d3eea0e3eb3d135d91a4ba675ee1d8b8b8ce8c703fb1f7992de86ca52a8849cb	3341	CP049504.1:842552-842814
CRISPR10	77c9bb856f483b0a7c998a360be3a832a0c9472733650ea14efd0948840a43ea	2044	CP049504.1:837097-837175
CRISPR11	77c9bb856f483b0a7c998a360be3a832a0c9472733650ea14efd0948840a43ea	2848	CP049504.1:842552-842814
CRISPR11	d6be6983f959a2296ac2a2df6b7466b6f48c46ef3f797e5443c30bcb61868e7a	1401	CP049504.1:842552-842814
CRISPR10	d6be6983f959a2296ac2a2df6b7466b6f48c46ef3f797e5443c30bcb61868e7a	2537	CP049504.1:837097-837175
CRISPR12	d6be6983f959a2296ac2a2df6b7466b6f48c46ef3f797e5443c30bcb61868e7a	8689	CP049504.1:849840-849920
CRISPR11	cc0194d8b8da279d505ab7b87cc3d3a70671c631c5f84751570496ecd521b8ee	399	CP049504.1:842552-842814
CRISPR10	cc0194d8b8da279d505ab7b87cc3d3a70671c631c5f84751570496ecd521b8ee	4043	CP049504.1:837097-837175
CRISPR12	cc0194d8b8da279d505ab7b87cc3d3a70671c631c5f84751570496ecd521b8ee	7687	CP049504.1:849840-849920
CRISPR11	104e6cdc48ae96face2945c3ed8d3673b9d0fd7629b0b95f1c5dc04bf98e7db5	225	CP049504.1:842552-842814
CRISPR10	104e6cdc48ae96face2945c3ed8d3673b9d0fd7629b0b95f1c5dc04bf98e7db5	5864	CP049504.1:837097-837175
CRISPR12	104e6cdc48ae96face2945c3ed8d3673b9d0fd7629b0b95f1c5dc04bf98e7db5	5890	CP049504.1:849840-849920
CRISPR11	9346e9145ba6c6c0ea51303f3258cd520e44df9e4aba029ca1ab5a3629c833c5	1133	CP049504.1:842552-842814
CRISPR12	9346e9145ba6c6c0ea51303f3258cd520e44df9e4aba029ca1ab5a3629c833c5	4898	CP049504.1:849840-849920
CRISPR10	9346e9145ba6c6c0ea51303f3258cd520e44df9e4aba029ca1ab5a3629c833c5	6772	CP049504.1:837097-837175
CRISPR11	63a468d1ebd230da66198eaad4435a925649c1763cfa9007792d46f146c8f0a5	2239	CP049504.1:842552-842814
CRISPR12	63a468d1ebd230da66198eaad4435a925649c1763cfa9007792d46f146c8f0a5	3843	CP049504.1:849840-849920
CRISPR10	63a468d1ebd230da66198eaad4435a925649c1763cfa9007792d46f146c8f0a5	7878	CP049504.1:837097-837175
CRISPR12	685489fc7d4d464586151c2cf01093cd1ae082c1a60d881fda35628fdf78d41f	2692	CP049504.1:849840-849920
CRISPR11	685489fc7d4d464586151c2cf01093cd1ae082c1a60d881fda35628fdf78d41f	3747	CP049504.1:842552-842814
CRISPR10	685489fc7d4d464586151c2cf01093cd1ae082c1a60d881fda35628fdf78d41f	9386	CP049504.1:837097-837175
CRISPR12	c12653aace7c057dc318a82226bd4b49bddb433fac57dea511f10f5ddc4b4637	1580	CP049504.1:849840-849920
CRISPR11	c12653aace7c057dc318a82226bd4b49bddb433fac57dea511f10f5ddc4b4637	4577	CP049504.1:842552-842814
CRISPR12	9b3f5f90f4020ce0b2ec0b33a951d4518a9e4889519917fbec28c8a39e64f416	215	CP049504.1:849840-849920
CRISPR11	9b3f5f90f4020ce0b2ec0b33a951d4518a9e4889519917fbec28c8a39e64f416	6182	CP049504.1:842552-842814
CRISPR12	aecb3ede941e571b8d12ad8163c8db61a32b8f507caecc64a1f32d58c847ff8f	462	CP049504.1:849840-849920
CRISPR11	aecb3ede941e571b8d12ad8163c8db61a32b8f507caecc64a1f32d58c847ff8f	7568	CP049504.1:842552-842814
CRISPR12	dbb4f5283138f2712c042bb85acf4abcfb89ff4e0cb3510de5828c4e2fc27a15	1528	CP049504.1:849840-849920
CRISPR11	dbb4f5283138f2712c042bb85acf4abcfb89ff4e0cb3510de5828c4e2fc27a15	8634	CP049504.1:842552-842814
CRISPR12	d031e634e40350ecd27c9cc88c5ae60e21fe5dc21835f26d5f5915dcb4626440	2677	CP049504.1:849840-849920
CRISPR11	d031e634e40350ecd27c9cc88c5ae60e21fe5dc21835f26d5f5915dcb4626440	9783	CP049504.1:842552-842814
CRISPR12	80c4e558e291d69b037d288b75f973f99e186df11f86f74d34bc9c944be92c80	3989	CP049504.1:849840-849920
CRISPR12	182d00cafc1ae842348e8b31bd58727e2f94e51a1728d83dbba4f651780e9eeb	4753	CP049504.1:849840-849920
CRISPR12	fc226027342b57a9e7622310e898d7417481cd211c3b7101f4b49c7e48e707ec	6400	CP049504.1:849840-849920
CRISPR12	57656b93e2da60045b731a2dc5b71d40e88e09859fa03cf29fe9069b4d6337a6	8043	CP049504.1:849840-849920
CRISPR12	6f8c11119300b3e83564f85546f71c5fb0c77febd3b6f9484ebf8eb71b67db5a	8568	CP049504.1:849840-849920
CRISPR12	feec22623c7ff0f7468db5b0467b4daa251b21c670db9ecd71ba012754003b57	8917	CP049504.1:849840-849920
CRISPR12	61533482f32881bf569c78dbce13be66b74c4a1f93002cba4c9fab32f066cd93	9691	CP049504.1:849840-849920
CRISPR14	d9d053293d8b35375b3aac0a4bd660e8b7322a5df8214dacfc18cebb6aa74db5	9895	CP049504.1:886107-886191
CRISPR14	5c56753cb1e1dfcd9b2a089181b9160ea4a78653eaf9e21e810679f63eef313c	9549	CP049504.1:886107-886191
CRISPR14	3bf9a57cc543efc9bc7812cf6e984dbb235af0716837cb558c6678565977f24d	8892	CP049504.1:886107-886191
CRISPR14	36d6b147d20af84e087b95c23402705724b0f6c5320582798614b9e779d859f2	8516	CP049504.1:886107-886191
CRISPR14	95f1118ee72f2264fbd18e320d4b03722a5bc3d7f17b14aa91d8452d206bcf52	8227	CP049504.1:886107-886191
CRISPR14	1f660e5ee22c993503c41494b50b115d38dbab4d0d13895ba2801914d172f1d6	7683	CP049504.1:886107-886191
CRISPR14	ed73c4bcd5d52e62f132ef7ca8f401c54f68bea4293a79f16aae9c49c45af7da	7450	CP049504.1:886107-886191
CRISPR14	ffde0c7b2311bd1c58c81ed2ed0ee1b166f65c32f4fd118a2a0d9a7bec096aff	6644	CP049504.1:886107-886191
CRISPR14	4cbb7e4b37be9bc5106fc3470a11be6da288a887757dc965fc2d1028b8dee931	5954	CP049504.1:886107-886191
CRISPR14	ad65cfad97ab452f8f324ddff715f4dca53192eda51dc853f7d04bfa02a67272	5305	CP049504.1:886107-886191
CRISPR14	cec38065abebe36ae736d67d58c5329aa2f18ae8b74fef3f1997605ec89ef4c9	4484	CP049504.1:886107-886191
CRISPR14	0d6643c159bcb2c5ca1a5370a3c8d937af28711e6715648b625a9ad22390f6fa	3620	CP049504.1:886107-886191
CRISPR14	f4828e446f7cdeb42a8344d56716cd5a8e6d0990436d2a870902826933790eaf	2998	CP049504.1:886107-886191
CRISPR14	2ce62fff864102bbee55b3db93b16ee16f4aaa42232e465091921d9af3859388	2527	CP049504.1:886107-886191
CRISPR14	8ca4b6f8014e1263587db3f260155eff04a99b05673110656d3e733cd71558ef	2027	CP049504.1:886107-886191
CRISPR14	c86d6341f9c13158eb991c80308c7dc0195e8c8c7223fd41154b95ea85e07a09	1489	CP049504.1:886107-886191
CRISPR14	9159710e11a17166f9237392dfea443d7a36b159eb097cf809376d180ec26a6f	1312	CP049504.1:886107-886191
CRISPR14	7dcef9dddced9aec5b96ad7118f3b976d7762900f8b1e4a0a8e3402e5c3c6eb1	432	CP049504.1:886107-886191
CRISPR14	d5eafe9092be6884ca7a6e4d74ec322e2e7d60d7584e9727822c73563071e9b6	278	CP049504.1:886107-886191
CRISPR14	7564ca425fd35373ad1062dd4ae7d25df574c941bfe309d51b66ed34f4293c27	660	CP049504.1:886107-886191
CRISPR14	37cb39af19f3a717178edc5125bb1a7c1d2660bdc0948943adce42b94ceec30f	1206	CP049504.1:886107-886191
CRISPR14	0d101acdbfb1bcc75f66ad2ceaca123cbbe7c83d224decb7d7d262cebb2087a9	2224	CP049504.1:886107-886191
CRISPR14	d9a7075a51ca5b56316c6462d06c83ab304405e6074d1ef57032a7d35c5c808a	2937	CP049504.1:886107-886191
CRISPR14	e954fef5c814b8b05e49442c99d9d7aa9be80b717548b85afb525357dc21355e	4112	CP049504.1:886107-886191
CRISPR14	7b1a5f0bf35ec8d766d6983ff27fd8b211df318c68ebf5eb1747bc45fe900271	4540	CP049504.1:886107-886191
CRISPR15	7b1a5f0bf35ec8d766d6983ff27fd8b211df318c68ebf5eb1747bc45fe900271	9090	CP049504.1:900672-900823
CRISPR14	6e814a4ebef03ee34df6bd3261130f7a066a1ac9241fc9727cac6249efcef0a7	5719	CP049504.1:886107-886191
CRISPR15	6e814a4ebef03ee34df6bd3261130f7a066a1ac9241fc9727cac6249efcef0a7	8001	CP049504.1:900672-900823
CRISPR14	205d7a6f32f4f5e26ab03c7f4782f2abe17fdc9939a79544ac53942cb9715c2d	6578	CP049504.1:886107-886191
CRISPR15	205d7a6f32f4f5e26ab03c7f4782f2abe17fdc9939a79544ac53942cb9715c2d	6596	CP049504.1:900672-900823
CRISPR15	8eb7b740f6483f575149b8b3770650802413cf7136aedb69278d80b49c4947fc	5240	CP049504.1:900672-900823
CRISPR14	8eb7b740f6483f575149b8b3770650802413cf7136aedb69278d80b49c4947fc	8000	CP049504.1:886107-886191
CRISPR15	3a18c682c88668c4d4f3d584f822a3a1d0fd82995df9ffec4f4099cb7a14700f	4786	CP049504.1:900672-900823
CRISPR14	3a18c682c88668c4d4f3d584f822a3a1d0fd82995df9ffec4f4099cb7a14700f	9231	CP049504.1:886107-886191
CRISPR15	a5ee7cdb766c1ae13b16b344f1877ce2c966f87f8122df156c6ccf244419f94a	3238	CP049504.1:900672-900823
CRISPR14	a5ee7cdb766c1ae13b16b344f1877ce2c966f87f8122df156c6ccf244419f94a	9846	CP049504.1:886107-886191
CRISPR15	b754469462c1409ea32cf33570f9cb944da2fd1af6ee80064bb3019fccf6f6f9	2592	CP049504.1:900672-900823
CRISPR15	d12f1dc9a268620be4ea98b95210c19b95b0c084e9d00eab345dd855ca8d6328	1187	CP049504.1:900672-900823
CRISPR15	d69eb03910687dcd61678bdd30ec3a5b23d672ae3a3279d52dd3f6a444c37b93	106	CP049504.1:900672-900823
CRISPR15	0e1fa04c0b5dc2e0a8ccb85910dd1aa1fbd741124527b2910d189f45267d2a4f	128	CP049504.1:900672-900823
CRISPR15	17e3fd884ad7a7263952164bdb449b03bf6524cd281bc5fd2b6e4be1b8343658	989	CP049504.1:900672-900823
CRISPR15	3267ee7a65d8f35600086a767f037c5c8646a019486843b7e1be2249ecf36765	1843	CP049504.1:900672-900823
CRISPR15	88b2544af7b945a3f9321b45c88b4ef3a031586eab03f21ec21dfe6ca82a8de9	3246	CP049504.1:900672-900823
CRISPR15	78932957ae8bb09562b347c4341c07e6ce75011b9950622dc1aafde3c5ebcd8c	4293	CP049504.1:900672-900823
CRISPR15	24a85bf1875b6430f26a3cac5e9d024f2e85be77c589c03a7c1b5bf00142b7ef	4882	CP049504.1:900672-900823
CRISPR15	3288248b79855dabe74f1283199f5e508fa9b621920f8a6234275caed064a9de	6275	CP049504.1:900672-900823
CRISPR15	533e16769639f9714bec2329c93bbb1c3c6d00a0f8e791f6ac3622e6502c41a0	6639	CP049504.1:900672-900823
CRISPR15	5305bab7ec53993b6f84337fa512da265c97d01c66cec8882e8b5ec191ac0421	7073	CP049504.1:900672-900823
CRISPR15	c5ec35cdfde07a440c57bac0bded4f8967edefbe1385409a5d1eef0ac4d27ec1	7885	CP049504.1:900672-900823
CRISPR15	bb8f943ca3e5f566b49199892aa18840ea4c98e33ad1a4b1f56d1d658d62a6d7	9256	CP049504.1:900672-900823
CRISPR15	0341d7d35e7938bfd2823fb620d90498316d17381f62913721f738fc26febff9	9424	CP049504.1:900672-900823
CRISPR16	55c7b9eaeef92701eea847182c530cf19adaf8184c9a5483b7605f05d212ca01	9330	CP049504.1:1068341-1068635
CRISPR16	aabb1ad77db658e692f10becddaca908bf80bd3d2a14ad5982b9039ca7c3a721	7867	CP049504.1:1068341-1068635
CRISPR16	0bb1bd43f9d12d92b69e9b1eef96cee03f03a9968e9f5b0e304dfce3db5b3c99	6846	CP049504.1:1068341-1068635
CRISPR16	cac271572b1df3d22df9717c2c8e9fb40e76e1dac57bc4d695d59c01197a9a0f	6277	CP049504.1:1068341-1068635
CRISPR16	4f868be3e3a4669e9d5e48dd6e7ab885e6d3aa0da52576a32e0f5aad3877fbaf	4784	CP049504.1:1068341-1068635
CRISPR16	a84b493d3dbb6c555d32d3d4c4521e1fe1dd4e31fae94e795328d158e1c82955	3515	CP049504.1:1068341-1068635
CRISPR16	1230abde05c106779d96ac062b892f352f577190dd591bdbf67e70ac24aa6bbe	2442	CP049504.1:1068341-1068635
CRISPR16	f0b41a0355c503a7b76889aa0adbf914406b9a273e1a3ef3f51a592cf418635e	1049	CP049504.1:1068341-1068635
CRISPR16	67429fa215c63d3150dc27d8d1138cb2e93e1683dfe272afae4ac8e320965bb4	459	CP049504.1:1068341-1068635
CRISPR16	6c4fcbe4478df3c789242db4fe448870ac933540de217a5d1715bae1211aba2f	0	CP049504.1:1068341-1068635
CRISPR16	37b41ab75c988568df567cb558674eff16f35838e82d920cc2774be266738a2f	20	CP049504.1:1068341-1068635
CRISPR16	66baddf66e4e89b4b8976ae11705b975dec8c94d2a5f471fb623d75792ade8b4	306	CP049504.1:1068341-1068635
CRISPR16	eec3516dedb354e8439deac05c78c916e55dd7f4921edfc3c08193fe099573a8	2026	CP049504.1:1068341-1068635
CRISPR16	5e3ebec108c5cb6527ee27644e7fbded73f10d8b65635bd1382ea4b6bd036274	3252	CP049504.1:1068341-1068635
CRISPR16	240dd83f0e48725d80e7dd265b4c5fea11794c57c48f1c331a96c14c165b52c4	3948	CP049504.1:1068341-1068635
CRISPR16	334ad1b7586c03c4e2d394d909ed0964b909e951cda8c5d859d2eed1954ba9a1	4217	CP049504.1:1068341-1068635
CRISPR16	95b9ddde0ec0090a3cd6fe1037b19818c71c4683e8c59f9393fac8871084419d	6172	CP049504.1:1068341-1068635
CRISPR16	e56271a850be3ead35b8e819f5f2683cdf6cac59f8b3d143609af874ba56b1a1	6603	CP049504.1:1068341-1068635
CRISPR16	cc312faf3372b0e3c5b06e05ba7d57b0bb7f2a5a1a1ff7226b8cba70ca5fa104	7961	CP049504.1:1068341-1068635
CRISPR16	afda93714aeacb56deeb8aa654003313056382d2a07527dd3e37ba5ebae32405	9113	CP049504.1:1068341-1068635
CRISPR17	125e0f939a9158b2a53a443435858083a06333dfa241db34f61363159467cf9c	9290	CP049504.1:1149188-1149279
CRISPR17	038bbcad38b99df5f755c6087120e15f8c7ff5cbf4768d7f5b04cfc86f126b90	7472	CP049504.1:1149188-1149279
CRISPR17	341a52d40559223b0377636807b24d178ed039e6ff626b1149d0b5eaaaf4fdc4	6657	CP049504.1:1149188-1149279
CRISPR17	c02d312798da0e9008bde9773a10d05d1369300389419e2146b0e0454bcca5bb	5621	CP049504.1:1149188-1149279
CRISPR17	f32ca49bb3cd214330334061bd4f5f96da6be9c006f6b79311a85113386f85db	5022	CP049504.1:1149188-1149279
CRISPR17	30ac56689f12658f8c54c991b226d8d5cb0ea7f35250c86ba3e3c5d2c6b9684e	4526	CP049504.1:1149188-1149279
CRISPR17	1638113e1e1066c4136b97c77fba4d5dc39c679d81ca72ba2f3226f74064ad95	3708	CP049504.1:1149188-1149279
CRISPR18	1638113e1e1066c4136b97c77fba4d5dc39c679d81ca72ba2f3226f74064ad95	9191	CP049504.1:1154671-1154759
CRISPR17	942de9d12013fd2b83eed26851ed099aa60138abd97f899b7150e0591d2375ba	2938	CP049504.1:1149188-1149279
CRISPR18	942de9d12013fd2b83eed26851ed099aa60138abd97f899b7150e0591d2375ba	8421	CP049504.1:1154671-1154759
CRISPR17	9f7da9d4e464c3bdb3051896d22dfcb651103b3cb034d4e554e98f36e34a8d94	1762	CP049504.1:1149188-1149279
CRISPR18	9f7da9d4e464c3bdb3051896d22dfcb651103b3cb034d4e554e98f36e34a8d94	7245	CP049504.1:1154671-1154759
CRISPR17	e914012a76536a8c71ccfeb9f3b0d1acd87e6f6163288a0a254ab9a9d96e7776	1005	CP049504.1:1149188-1149279
CRISPR18	e914012a76536a8c71ccfeb9f3b0d1acd87e6f6163288a0a254ab9a9d96e7776	6488	CP049504.1:1154671-1154759
CRISPR17	44962c531f24b27f3a203af5e4c4d569fd350adda2b730facd1863a8e09bf6eb	505	CP049504.1:1149188-1149279
CRISPR18	44962c531f24b27f3a203af5e4c4d569fd350adda2b730facd1863a8e09bf6eb	5988	CP049504.1:1154671-1154759
CRISPR17	4f5c5a79be4a53604eddc4a76e4766b94b2b91635395b66c837cbfa02680e124	0	CP049504.1:1149188-1149279
CRISPR18	4f5c5a79be4a53604eddc4a76e4766b94b2b91635395b66c837cbfa02680e124	5429	CP049504.1:1154671-1154759
CRISPR17	ccd892e6b20b02ff02d2f6374cae263241f7250aa869f7879a3c1f9a857a6bcd	170	CP049504.1:1149188-1149279
CRISPR18	ccd892e6b20b02ff02d2f6374cae263241f7250aa869f7879a3c1f9a857a6bcd	5037	CP049504.1:1154671-1154759
CRISPR17	278cf92b66846b6f1eb3f62f014bdfd842150b930d39796d295bf4f267c69cf4	977	CP049504.1:1149188-1149279
CRISPR18	278cf92b66846b6f1eb3f62f014bdfd842150b930d39796d295bf4f267c69cf4	4182	CP049504.1:1154671-1154759
CRISPR17	24a85bf1875b6430f26a3cac5e9d024f2e85be77c589c03a7c1b5bf00142b7ef	1729	CP049504.1:1149188-1149279
CRISPR18	24a85bf1875b6430f26a3cac5e9d024f2e85be77c589c03a7c1b5bf00142b7ef	2344	CP049504.1:1154671-1154759
CRISPR18	18fdf000e1f822793bd8dfff6c72821d07caf057f2d07952e64247a1526860ca	1226	CP049504.1:1154671-1154759
CRISPR17	18fdf000e1f822793bd8dfff6c72821d07caf057f2d07952e64247a1526860ca	3207	CP049504.1:1149188-1149279
CRISPR18	34ce3103779616248a26fbec92090e2b1d71356f49da486316454bb7685b61a9	407	CP049504.1:1154671-1154759
CRISPR17	34ce3103779616248a26fbec92090e2b1d71356f49da486316454bb7685b61a9	4839	CP049504.1:1149188-1149279
CRISPR18	a21fb6dcf0eda575083163ea37716ba39148efb3f42fbfd45d4728066c038358	226	CP049504.1:1154671-1154759
CRISPR17	a21fb6dcf0eda575083163ea37716ba39148efb3f42fbfd45d4728066c038358	4969	CP049504.1:1149188-1149279
CRISPR18	a4f7ca00f8714fc442d8d6298da9bb677fc5a22bd7401d3b26a67245fbb41f12	176	CP049504.1:1154671-1154759
CRISPR17	a4f7ca00f8714fc442d8d6298da9bb677fc5a22bd7401d3b26a67245fbb41f12	5656	CP049504.1:1149188-1149279
CRISPR18	b0644a7977321b8ab44fdaceb44f0c3ad97c7ad2c99bfabb2c893d126bbde216	1000	CP049504.1:1154671-1154759
CRISPR17	b0644a7977321b8ab44fdaceb44f0c3ad97c7ad2c99bfabb2c893d126bbde216	6480	CP049504.1:1149188-1149279
CRISPR18	29143e4d1c6f77ff7df2d1fc12ef3cefe5cceadad35cd942d381b747da7583bb	1820	CP049504.1:1154671-1154759
CRISPR17	29143e4d1c6f77ff7df2d1fc12ef3cefe5cceadad35cd942d381b747da7583bb	7300	CP049504.1:1149188-1149279
CRISPR18	9a951588d46c823e9d1da5d3d461fa4d3748cfc83a084ef47a782d3072c3581e	2983	CP049504.1:1154671-1154759
CRISPR17	9a951588d46c823e9d1da5d3d461fa4d3748cfc83a084ef47a782d3072c3581e	8463	CP049504.1:1149188-1149279
CRISPR18	09493b89f65814637e09c596b8293daee7b2f51ea8b2f9256e07240023d73dbd	4004	CP049504.1:1154671-1154759
CRISPR17	09493b89f65814637e09c596b8293daee7b2f51ea8b2f9256e07240023d73dbd	9484	CP049504.1:1149188-1149279
CRISPR18	1b7158d435c74697870c4663e8aaae8ffb59b2fc9526df21774e6373e1aad349	5111	CP049504.1:1154671-1154759
CRISPR18	8b9b434ee059375eaec4c31480ca3b1f1427f8938e8d4219d34d5c384b52b121	6974	CP049504.1:1154671-1154759
CRISPR18	2e964326c7e50a0d89fee2bfa188c9a5be12e71c2f7aeb2df1045369815b17f3	7507	CP049504.1:1154671-1154759
CRISPR18	05b0c4beac061f5a4e7d173cc2e8532703636b5513b345d32b819499d18cb010	8703	CP049504.1:1154671-1154759
CRISPR18	69b0df2b30c66a014bebc7b57f4697a7cf81a89130900c357783cda2265bbda8	9796	CP049504.1:1154671-1154759
CRISPR18	bf31df59a1ca87cabd2e2ec4323ea70348dfdb355acb10e7dcbd6878352f58e0	9987	CP049504.1:1154671-1154759
CRISPR19	82ce60d1fa38a251f598e7807bbf75e5c8552042b7621fce2a0f41b48bf4a787	9527	CP049504.1:1227577-1227731
CRISPR19	2622254a164d5bcb1e03afa572735c3b8aba4541d3df152738ccf1d46f46f2e7	8879	CP049504.1:1227577-1227731
CRISPR19	65f02a255babfcd74f9d4c0196d96f892628b8730dfb25be11e5388e5b35b8bb	8310	CP049504.1:1227577-1227731
CRISPR19	3e3f4d3d99ac43c6cba06e66110f6fbfdeb43b6c424cfcbc96c6ade95392c560	7493	CP049504.1:1227577-1227731
CRISPR19	e8295a0fdaf42abc6534f754190e429248aea7d222d10937555dfad8dc2668d5	5832	CP049504.1:1227577-1227731
CRISPR19	6ecda0c3a070013e23d04c0014e2ecc24c36eb9181e97bc88cca3c3b4676515b	3582	CP049504.1:1227577-1227731
CRISPR19	7eb10b7579752059d7b1e040f0da2ab033db0548b67a3795427a1a7b1f63036d	2807	CP049504.1:1227577-1227731
CRISPR19	b97b17c07559c8f5d17d92015f233be51638a3539c98d94089c1b34eb1bdb21e	1816	CP049504.1:1227577-1227731
CRISPR19	676bb38bc468fe6d6f638dfdeeab9a3e80182069e1c471134d9183b1524be453	897	CP049504.1:1227577-1227731
CRISPR19	607043a8e7fb0b3be98b839c0e99dd8e905a773a59a63e6c08a19cac049ed29c	170	CP049504.1:1227577-1227731
CRISPR19	bed48dacd3ff6a23627362d4493eee1821f67341ab53a9e35d9c9030d8073688	111	CP049504.1:1227577-1227731
CRISPR19	91c97edcb4cfd54d2784bbadd8e81f05d554c570a9e41ed80b463254f1005bed	460	CP049504.1:1227577-1227731
CRISPR19	9e8da077108b41525ecc9402fff743592b9bf71a635eb11b69a5332ee2c8f22b	1338	CP049504.1:1227577-1227731
CRISPR19	efe7fdb9e57f972e9d5e16a358c3b0ad8ed4c1909476b23cf2ea61f8ff286a1c	4904	CP049504.1:1227577-1227731
CRISPR19	77739abdd23c4317c996ad129f6151a4459747d60b62d739a790f84623825225	6141	CP049504.1:1227577-1227731
CRISPR19	55716212ea96f09ac70def4b24538da9b48486c8495960098d67fff6da7943b3	6499	CP049504.1:1227577-1227731
CRISPR19	411dbd060406a02b509bbaeece10768696a0c46bbda1229079d4f29045f849e3	8301	CP049504.1:1227577-1227731
CRISPR19	736ac64f61331ab58edf523386741e095f7a5c8e072c7b5f03a58dd382bd183f	8764	CP049504.1:1227577-1227731
CRISPR19	388f47761b319a33e52ff4b1f55ceb04bf83d7968593da22106a8c64e707d286	9267	CP049504.1:1227577-1227731
CRISPR20	4f9a61c183a6491babbf7239cdece8bc5688a86bed4a4e64a048568a9dc6cfb7	9451	CP049504.1:1709276-1709415
CRISPR20	15414fc95ce2d1e5d38d7fa868a4e3a842d4ff52caa90f4c2df6d14dbed32f6c	8516	CP049504.1:1709276-1709415
CRISPR20	40483326774238bbd938ea0dadb1a327bc35f4acfa5c5603b3839c66eda1ca1d	7875	CP049504.1:1709276-1709415
CRISPR20	1da54b3a56e270060fd95bcbe2e442b1c95fde531e687c85f142820380713df4	7282	CP049504.1:1709276-1709415
CRISPR20	6f7d5358418cca9f701ede870c8524fe0b3ba845b84fa48e6bb4f2b7f684230c	6839	CP049504.1:1709276-1709415
CRISPR20	f073444a5540ba141baf29532dc33e7c61e392811dc7e21baea1db9597baf068	6575	CP049504.1:1709276-1709415
CRISPR20	284edd568238e98a9f16df74993aa391e2d19464d6f4fe11f2254154f0aa8886	3882	CP049504.1:1709276-1709415
CRISPR20	d43245cfab12eeca0926ec56a6e882f145e2365479eb403a4f4e14dcd1956ba3	1062	CP049504.1:1709276-1709415
CRISPR20	7282793e2fb1fbca78d12bd93b6092450ef4b2d7b411c06a082bdb36129ab5e5	392	CP049504.1:1709276-1709415
CRISPR20	eac8716f9d017ad92d04f1d1e34d6aa415f3dcbf4e31b4d70bb187a8226570a2	164	CP049504.1:1709276-1709415
CRISPR20	6be37b7e667ef5276201d4e6e49185ef9253c11258b21f6eacfe478eba97059c	1283	CP049504.1:1709276-1709415
CRISPR20	bd39cb40c2292af6211281f4d62ec321e6560b3ee9447a9d020828d17df101b8	2737	CP049504.1:1709276-1709415
CRISPR20	56869acb300bf77ed49d015bba8c7477c9cb6b54e5ea0010fd2cc23ba20d868a	3987	CP049504.1:1709276-1709415
CRISPR20	c2c1b17cf511b474b17652bfc1cc6d61ef09385cea18acbc471eea4311362c38	4173	CP049504.1:1709276-1709415
CRISPR20	c8f3faafa19fa1e57645bcfa655915058aba5b22bc37376982804171714060a9	4455	CP049504.1:1709276-1709415
CRISPR20	7e841a9b4f0d9951c17db808d281ef93dc6a5d6f8d4439a068fb8adaf1aab415	4962	CP049504.1:1709276-1709415
CRISPR20	9467aadc6e6131f099c6a7d44bad29c856642b9060664033fbf9acc1cfa02acd	6397	CP049504.1:1709276-1709415
CRISPR20	8476299acf6afbab759c6da3d93983f4e0100d9ed25293bb0917821cf7099542	7631	CP049504.1:1709276-1709415
CRISPR20	9f57723b4ba600eb6a38d1933462b6de7b840008ccb8989966f871b57e94752b	9413	CP049504.1:1709276-1709415
CRISPR21	d904f5c1155e04e44e9289256b74e5269e8dc598b3186d1bd096536aa17ba1e8	9431	CP049504.1:1970034-1970249
CRISPR21	7ce1338d54db2c73e4a864ece24e8b4fb6a6c379fb002c6305d8194086e1e729	8840	CP049504.1:1970034-1970249
CRISPR21	c7bb58728aee7955262f36795a077bb7abfa5e75494045ebc69180ef759f0d98	8140	CP049504.1:1970034-1970249
CRISPR21	652c099e95042b7a5792bb23710853ef9dd8726f37ce4022d08bada92fc75857	7516	CP049504.1:1970034-1970249
CRISPR21	88fdfb869a3739e6199c968b0e9017f4b03813805be7a9c1b5dd719b749a97f3	6887	CP049504.1:1970034-1970249
CRISPR21	e2d398ac098daefa81161c8f5e317b4e8c840a15c8d5ef66682c7407b058060f	5755	CP049504.1:1970034-1970249
CRISPR21	89de1262ccc0e40167f05aa81dcc45fc1e02d00fa3131cdd90d67678c390698a	4876	CP049504.1:1970034-1970249
CRISPR21	3c0aa2b6daac28ae2435828a5df7214f88421b69c478138ddd09841ecda3be3e	3432	CP049504.1:1970034-1970249
CRISPR21	c58475e1bc075f03d5a41e4ad63d28af6afa021710f033bf63522bb6c8c09587	2113	CP049504.1:1970034-1970249
CRISPR21	32b1e9b4a0148b34c1a63a99b779586d7bdaca645d4f91289aeba36a233a17c0	444	CP049504.1:1970034-1970249
CRISPR21	2733ac7e3571aa0bc3bdcb85a813638d92ccbf34340a3bd22b6aa9059986c05a	8001	CP049504.1:1970034-1970249
CRISPR21	15541371ba041880acd2a26a26d8e0fc9c2276ae68cfe0cbf9cda3eb5ed739bf	8544	CP049504.1:1970034-1970249
CRISPR21	84bfbde1a9d57130345787a6de7e842451a24d9621094ade1398951f31b0c5a7	9500	CP049504.1:1970034-1970249
CRISPR22	c8e1dbd9fc4a842bc73ba075ac0a2dfdf070838042f067648ab807e174352001	9494	CP049504.1:2057658-2057749
CRISPR22	bf927ef6d2fb911334e3581b216c7b39ece97c87fac611930a4fe51f3d3c4733	8650	CP049504.1:2057658-2057749
CRISPR22	70f803e43376fc1551be487a5d56866a3cb16f173a2b721add901f96c4aa6d54	7694	CP049504.1:2057658-2057749
CRISPR22	d2c1e0912edb71cdd3fdcaae10ba65a48f740c7771e31ade38e7f14dc95da506	6379	CP049504.1:2057658-2057749
CRISPR22	9fb7e578ec5718ac80b36cbf62c6cfb5ff3e71faa093b440ff5c3d8309577cdf	5587	CP049504.1:2057658-2057749
CRISPR22	69ca40b61bd6869d099edd9b3ae47d9f5a3b4871c36c099b717dc66b937868bc	4643	CP049504.1:2057658-2057749
CRISPR22	09ea861fd71a224b7c7a9bbeb608798eb07a041676e41eb9dbd0b6b60ceddc1e	3505	CP049504.1:2057658-2057749
CRISPR22	aca544505a42a4bd7301604d5fe365ed6d51aa3a377f12aa9d261547ee80f062	2728	CP049504.1:2057658-2057749
CRISPR22	78a9ae10dc00fc4ac91f2f3b537bcfbc9c168ea5854980e2088c81f65e6bf246	1197	CP049504.1:2057658-2057749
CRISPR22	a8c6d2d4deaf86967c814bb6e20d3ef6ef547a8a872e313da6fbdf0634a65261	169	CP049504.1:2057658-2057749
CRISPR22	869022d48c3864b56ebf2c1d57c52e4792e4b7a800f069ec92e061cd7e80bb7d	508	CP049504.1:2057658-2057749
CRISPR22	0df2d7c8b7e88e80baca2d3582abba472911dd6cdf3a9224411289dfd1dac93a	1948	CP049504.1:2057658-2057749
CRISPR22	cf0230158bf6f179a45792c60d373df541b7e910127ab1097cbe87cc96fd84d6	3407	CP049504.1:2057658-2057749
CRISPR22	c9cf7ebf29afd4c9b5f14c7eb0ee97a2995b2ca481573940af7ed57d6b2b4fb1	4076	CP049504.1:2057658-2057749
CRISPR22	07a89a0ce5c3679eaacdfd38a9c0aff7ead875498a7672b8ade23d372bdc3252	5703	CP049504.1:2057658-2057749
CRISPR22	f7d1b8694d8f9a1daa686d798d4c992a20c5b9a74d9d69769ccd5b8871980ad1	6915	CP049504.1:2057658-2057749
CRISPR22	444c807aa9b57527c0913f620ef820697f7128b9d3ff3541ed14b79190b55399	8922	CP049504.1:2057658-2057749
CRISPR25	e3f0c35e95fd37936c3eddb7f0c360b09fcf62b09984c65d48bee98054756550	9653	CP049504.1:2463032-2463131
CRISPR25	e5d501ac1dce83bbfac524d502118070b23598e352a3ecb83c892a3f40a868ef	9089	CP049504.1:2463032-2463131
CRISPR25	aa2173cddca04776ac5c9b3c6d98dc20719f14fea0155487ebb03a441920f94a	7609	CP049504.1:2463032-2463131
CRISPR25	c5d5016cd793a91ebbd2345fd61664e146b7d597bae4be7bf1362e75c309ceb8	6815	CP049504.1:2463032-2463131
CRISPR25	8c135e90cb5160cdd45c871b3c0060990cd1f4b5853844ad2ea91f512dda4771	5447	CP049504.1:2463032-2463131
CRISPR25	079f1ca5fda6c9b459bafc41db15ea7f8236f02444acd05300c01810fe07d833	4215	CP049504.1:2463032-2463131
CRISPR25	e69c06f6118ff8be11426ce1c486317131feab4368a55183833fc764878f9840	2701	CP049504.1:2463032-2463131
CRISPR25	168643f9e7bad2970ad050556ae59485df51da14c3c601c38482350c547c5092	1040	CP049504.1:2463032-2463131
CRISPR25	f76aabee2c0dd4b20e6b1ec271fb1fc8280b69de6ff1b1ebbc06e2d57c45686a	0	CP049504.1:2463032-2463131
CRISPR25	b02c2469d2ea4601e7dd579f4c05e6f5e20d33db59305ebed9f900464346fdc6	87	CP049504.1:2463032-2463131
CRISPR25	23a32358dd80fd5bf2e7eee69955ec660b4046e541a1b753165f8620b7faa03d	762	CP049504.1:2463032-2463131
CRISPR25	fdec667515136c75b7eeef6f30a1909d4f336c6e6d66c0f6b67b667d9a4c2164	1987	CP049504.1:2463032-2463131
CRISPR25	8676d3a07c7ef70bc619a781a0ac37da64d3c17d69941151a284525f6b652287	3312	CP049504.1:2463032-2463131
CRISPR25	7e365df0e1138acbf0f1c53637306e51150af9688d14882fa2f8350d78f68b87	4172	CP049504.1:2463032-2463131
CRISPR25	dc30e4383f1e3badea20387bedd269b5f0555193997113f7a428130a31ee59fc	5061	CP049504.1:2463032-2463131
CRISPR25	b1c85e8e1c80a5ac253f4f43c88571f5b1c447afd8fa9ccd73ad01bcf3d91aae	6110	CP049504.1:2463032-2463131
CRISPR25	d00af68b9b047247fb13b4835833594d89702ee55a0be7e3e1c740830069d29e	6654	CP049504.1:2463032-2463131
CRISPR25	591a44eae3de34df0c53e947585dce1b10aad53fe2a674077b5273184ac73783	7879	CP049504.1:2463032-2463131
CRISPR25	cf6e92d53c54eb38ab5415a7c805e490b3206e1f16690208566f7e86be788467	9009	CP049504.1:2463032-2463131
CRISPR26	a401cb1bd5632097a8dd95fec3a295006ee10a4ce008cab888b854825128beb8	8669	CP049504.1:2514537-2514697
CRISPR26	72995bf7fea07a1ca7e596156be269bc33a9a2170a09025ef5a99442035200ef	7885	CP049504.1:2514537-2514697
CRISPR26	03d0a5aa4a9e7096578f345dfead8844aef0ef5bc8143616e36d6141402ce1a1	6895	CP049504.1:2514537-2514697
CRISPR26	2a86fefc335c19f765e5c75cf8a1219f1dcaa41f96feffd15f191202e192030b	5368	CP049504.1:2514537-2514697
CRISPR26	1728b516ac076ada2431e6163a55f1d2ac45594804cfedd9a5e5e8428a15c329	4802	CP049504.1:2514537-2514697
CRISPR26	c4ba2b9f73a5f8ba5c376577f62e88f48af36ee1fa153219ec157afb6c3c8ea6	1209	CP049504.1:2514537-2514697
CRISPR26	0804a09e3df3b916c4a413f35bb4eea5050b3bff06ae16240471b339fc4de4ca	716	CP049504.1:2514537-2514697
CRISPR26	67a5bb49148dbb96bacb61d2cab51a334e9abc419b44fe63fcb2cf0fdaecd0fe	96	CP049504.1:2514537-2514697
CRISPR26	d06d44801c630da783d320355b42692aec7ec8410b1d2f412750bbf0c4bb09ef	62	CP049504.1:2514537-2514697
CRISPR26	ce80bf01e424532556456c630435f27bae2bc1d7986428854710ceeb9d1263cf	1521	CP049504.1:2514537-2514697
CRISPR26	c6b8a28414b76d136fe397b9b24106c141601ce7b8939d5bde382a75cb904c22	2283	CP049504.1:2514537-2514697
CRISPR26	5b9902696823acf9829c3d8dea6e93afe2610920979db4b61d4dad3f5d52677f	2951	CP049504.1:2514537-2514697
CRISPR26	7debaf6585c05cdeb352d7b14172f015c01f4ca79eef9e186295ab7a5ee499ca	3480	CP049504.1:2514537-2514697
CRISPR26	23930c5df3cb2292478a0495c11614a268511291475ba6d0bcdf6db7a59676a6	5018	CP049504.1:2514537-2514697
CRISPR26	1e4545b52bfae3a3d92ada853bc5f84d304f4013fd74c9241d6645c47311cd4b	5911	CP049504.1:2514537-2514697
CRISPR26	224ed02810d7c586f297c1af49615fdd44a63c8f09d9e5d0d0b648f7af5dde3c	6909	CP049504.1:2514537-2514697
CRISPR26	f0b926ee449a4bdf2a9e88b51ec6929bf1c403ee760d6357e4b2024e1272c932	7585	CP049504.1:2514537-2514697
CRISPR26	3cc6c64e332ced2432e45417ad0cdf92c655164e4a20c0a0c4a52d2a75db821e	8643	CP049504.1:2514537-2514697
CRISPR26	4783cc98b4293b1aa213b49c8145a77e371fdd5a21f916359860f7f990a2bde6	9115	CP049504.1:2514537-2514697
CRISPR26	bbe7e57d7cedad1413f64dd8f75879ed0af87c3d8d0c59502241ff7732d7d8cd	9785	CP049504.1:2514537-2514697
CRISPR28	9b5b7d04a089716c5f6727b9358f3a3a5838df86af5f60597ce35151a84e24be	9535	CP049506.1:27380-27498
CRISPR28	48501aa84a7c008f2dd7d7ee4f19a7ca0de6df3ac915cc6a9ee6ea872502c28c	8923	CP049506.1:27380-27498
CRISPR28	f058bf9c3b81339ad66e51ddf82c6c3804822dcb02b80dc160a83260c2936631	8211	CP049506.1:27380-27498
CRISPR28	372abc39657fef27ab337024d006cd7194ccd169e3f849a516590fd2f0df885a	7328	CP049506.1:27380-27498
CRISPR28	7131ad0b4d195c5f6e77bd99d9a289741f790a406cc24fe33dafef74c2b42c01	5888	CP049506.1:27380-27498
CRISPR28	f0a12e6c8d6c54760a35b2792c27baa366efc196f41df303ef2387e17a7a64a6	4650	CP049506.1:27380-27498
CRISPR28	940db88f008d945aeac6436aaba45ed75d11687691f50513ee0c55db39fadbcf	3445	CP049506.1:27380-27498
CRISPR28	0a8025b5e15aaa8227818b3a1460b2b88920dae0b1c668f361653165792250a9	2701	CP049506.1:27380-27498
CRISPR28	7d8b2bf474a6a49094aca10be1e861c01c02c33fe4627a3179d0f815c60fa8aa	1361	CP049506.1:27380-27498
CRISPR28	2c57fa5bae7647a1de23c3461523b0f2d7d992d9a535363e0cc1e256364b2916	903	CP049506.1:27380-27498
CRISPR28	35c9eb23020eac1dc3d31b622dd60488d622cb21db2ad06be67b70dfbb0c32b9	51	CP049506.1:27380-27498
CRISPR28	8d7dd1fb3b438529b3aa5cc9de0347bebc7bc8a57f9677a85616860dedda8617	113	CP049506.1:27380-27498
CRISPR28	9e0c9a0788f766c7b48320acfc9879f43aa2757aa1ea8c62cb432844c10acce2	1026	CP049506.1:27380-27498
CRISPR28	1c9b89d854bc8dd60de1e8dfefb5b298df114efd79fa01e0f7f6a49569300119	2653	CP049506.1:27380-27498
CRISPR28	bdbd72f8a75b83dcc75266e2076399213257a2c59e5a581e4bd0e2ebfca34739	2845	CP049506.1:27380-27498
CRISPR28	832c8114868e1b252dab107e7a8f1fcf5e24d3ace6e5d36889244a83d8d62247	4610	CP049506.1:27380-27498
CRISPR28	d963eb88fcb7f6076d80a95d4c113605595a36700653e59ddfe93feea8298aef	6811	CP049506.1:27380-27498
CRISPR28	1a6ca64ea5d5cfbf95e9dcc08bacc789cdd7dd6333a520b30d6ac611fb4ddb03	7187	CP049506.1:27380-27498
CRISPR28	67c262613819df302747a1ade818f94172e6fd99a79229cf4cc90448cd5d6605	7683	CP049506.1:27380-27498
CRISPR28	e39806cab5db207473e2dc1679754843a919d40f86154bc7c7ecf313270cc40f	8725	CP049506.1:27380-27498
CRISPR28	8fa32c56823cfdca0f097fc8ac3ba496882994785d641fa2261e5befd00e2cf4	9058	CP049506.1:27380-27498
CRISPR28	749c51f51faf18d370a26b66ee9b8ff533f485cdd2a101bf705de1f2212b9fde	9699	CP049506.1:27380-27498
